{"stats":{"minecraft:used":{"minecraft:cherry_sapling":13,"biomesoplenty:magic_fence":25,"minecraft:ladder":19,"gobber2:gobber2_gooey_bread":8,"nemos-carpentry:oak_chair":2,"minecraft:decorated_pot":3,"minecraft:chest":22,"minecraft:shield":4,"minecraft:iron_sword":323,"minecraft:rotten_flesh":1,"minecraft:mutton":7,"nemos-carpentry:cherry_chair_felix":3,"minecraft:lantern":3,"more_gems:sapphire_pickaxe":721,"nemos-carpentry:cherry_chair":8,"minecraft:stone_bricks":785,"more_gems:citrine_axe":343,"minecraft:bow":19,"minecraft:sweet_berries":2,"minecraft:furnace":32,"minecraft:cooked_cod":3,"nemos-carpentry:carpenters_workbench":5,"minecraft:egg":1,"biomesoplenty:magic_log":108,"minecraft:stone_pickaxe":94,"minecraft:oak_planks":12,"minecraft:wooden_pickaxe":17,"minecraft:sugar_cane":2,"minecraft:diamond_axe":4,"nemos-carpentry:dark_oak_chair":2,"minecraft:glow_berries":16,"nemos-carpentry:dark_oak_table_the_classic":3,"minecraft:blast_furnace":2,"nemos-carpentry:cherry_table_the_classic":10,"biomesoplenty:magic_planks":199,"minecraft:end_stone":1,"foodtxf:player_flesh":1,"minecraft:shears":1,"minecraft:bread":60,"nemos-carpentry:cherry_glass_door":1,"minecraft:diamond_sword":29,"minecraft:smooth_stone_slab":10,"minecraft:bone_meal":16,"biomesoplenty:mahogany_planks":4,"minecraft:cooked_chicken":2,"minecraft:torch":97,"minecraft:dirt":56,"more_gems:sapphire_shovel":1006,"mining_dims:caving_portal_block":14,"minecraft:wooden_axe":6,"minecraft:iron_axe":100,"minecraft:cherry_slab":48,"biomesoplenty:blue_hydrangea":1,"minecraft:cooked_beef":4,"minecraft:cherry_log":307,"minecraft:cherry_fence":7,"minecraft:wheat_seeds":173,"minecraft:cooked_mutton":6,"minecraft:chiseled_bookshelf":1,"more_gems:carbonado_excavator":378,"minecraft:cobblestone_stairs":88,"minecraft:cherry_planks":801,"more_gems:carbonado_hammer":103,"niftycarts:animal_cart":5,"minecraft:crafting_table":23,"foodtxf:cooked_player_flesh":8,"minecraft:painting":15,"minecraft:magenta_carpet":10,"minecraft:diamond_pickaxe":220,"minecraft:apple":1,"biomesoplenty:magic_door":8,"minecraft:cherry_door":1,"minecraft:chicken":1,"minecraft:iron_pickaxe":327,"minecraft:spruce_sapling":1,"minecraft:stone_axe":120,"minecraft:pink_petals":4,"minecraft:cobblestone":348,"minecraft:cherry_stairs":13,"minecraft:porkchop":3,"minecraft:white_banner":1,"minecraft:cooked_porkchop":4,"biomesoplenty:magic_fence_gate":1,"minecraft:glass_pane":6,"minecraft:purple_carpet":17,"minecraft:splash_potion":1},"minecraft:crafted":{"nemos-carpentry:oak_chair":1,"biomesoplenty:magic_fence":21,"minecraft:smooth_stone":8,"minecraft:oak_planks":260,"minecraft:cherry_slab":36,"nemos-carpentry:cherry_chair_felix":2,"minecraft:cooked_chicken":2,"minecraft:cobblestone_stairs":88,"minecraft:stone":691,"minecraft:cooked_mutton":6,"minecraft:glass":8,"minecraft:diamond_helmet":1,"minecraft:diamond_leggings":1,"nemos-carpentry:cherry_glass_door_frame":2,"minecraft:chest":11,"minecraft:magenta_dye":16,"minecraft:stone_bricks":764,"minecraft:cherry_fence":6,"mining_dims:flint_and_diamond":1,"more_gems:alexandrite_leggings":1,"nemos-carpentry:dark_oak_table_the_classic":1,"minecraft:cooked_porkchop":10,"minecraft:diamond_axe":1,"minecraft:crafting_table":6,"minecraft:spruce_planks":12,"minecraft:wooden_pickaxe":2,"minecraft:gold_block":4,"minecraft:painting":4,"nemos-carpentry:dark_oak_chair":2,"minecraft:shield":1,"minecraft:charcoal":86,"minecraft:diamond_pickaxe":1,"minecraft:purple_dye":14,"mining_dims:caving_teleporter":2,"niftycarts:animal_cart":2,"minecraft:stick":12,"minecraft:iron_ingot":7,"minecraft:iron_pickaxe":1,"minecraft:gold_ingot":32,"mining_dims:caving_portal_block":14,"more_gems:carbonado_hammer":1,"more_gems:kunzite_chestplate":1,"minecraft:shears":1,"minecraft:cherry_planks":936,"foodtxf:cooked_player_flesh":6,"biomesoplenty:mahogany_planks":4,"more_gems:gembag":1,"minecraft:furnace":20,"more_gems:sapphire_shovel":1,"minecraft:blast_furnace":1,"minecraft:bone_meal":81,"minecraft:white_carpet":18,"minecraft:glass_pane":16,"niftycarts:wheel":4,"minecraft:ladder":6,"more_gems:citrine_axe":1,"minecraft:cherry_stairs":12,"minecraft:stone_pickaxe":2,"minecraft:chiseled_bookshelf":1,"biomesoplenty:magic_planks":192,"minecraft:diamond_boots":1,"minecraft:purple_carpet":12,"minecraft:dark_oak_planks":32,"more_gems:alexandrite_chestplate":1,"biomesoplenty:magic_door":3,"minecraft:cooked_beef":11,"more_gems:alexandrite_boots":1,"nemos-carpentry:cherry_glass_door":2,"minecraft:coal_block":1,"minecraft:red_dye":7,"more_gems:alexandrite_helmet":1,"minecraft:diamond_sword":1,"more_gems:carbonado_excavator":1,"nemos-carpentry:wooden_saw":2,"minecraft:stone_axe":2,"minecraft:bread":50,"minecraft:air":0,"nemos-carpentry:carpenters_workbench":1,"minecraft:blue_dye":9,"more_gems:sapphire_pickaxe":1,"minecraft:wooden_axe":3,"minecraft:cherry_door":3,"biomesoplenty:magic_fence_gate":1,"minecraft:magenta_carpet":6,"minecraft:torch":72,"nemos-carpentry:cherry_table_the_classic":4,"minecraft:diamond_chestplate":1},"minecraft:picked_up":{"minecraft:wooden_axe":3,"minecraft:wheat":244,"minecraft:redstone_block":1,"minecraft:flower_pot":1,"more_gems:topaz":5,"more_gems:alexandrite_chestplate":2,"minecraft:magenta_carpet":10,"mining_dims:caving_portal_block":6,"minecraft:enchanted_book":1,"minecraft:potion":1,"more_gems:tourmaline":9,"minecraft:string":3,"minecraft:smooth_stone_slab":11,"minecraft:oak_sign":6,"minecraft:smooth_stone":10,"minecraft:cobbled_deepslate":17,"minecraft:bucket":1,"nemos-carpentry:oak_chair":2,"minecraft:azalea":1,"minecraft:coal_block":4,"minecraft:furnace":19,"minecraft:stick":303,"minecraft:torch":61,"nemos-carpentry:cherry_chair":10,"more_gems:alexandrite_boots":2,"minecraft:porkchop":11,"biomesoplenty:magic_fence":6,"minecraft:cherry_log":580,"foodtxf:player_flesh":10,"minecraft:shaper_armor_trim_smithing_template":1,"gobber2:gobber2_foo":2,"nemos-carpentry:carpenters_workbench":4,"minecraft:honey_bottle":1,"minecraft:rotten_flesh":9,"minecraft:red_tulip":1,"minecraft:obsidian":6,"minecraft:cobblestone":1725,"minecraft:nautilus_shell":2,"minecraft:pink_petals":4,"minecraft:lilac":15,"minecraft:cooked_beef":7,"minecraft:cherry_planks":80,"nemos-carpentry:dark_oak_table_the_classic":3,"minecraft:flint":5,"minecraft:cherry_fence":1,"more_gems:sharpening_gem":2,"minecraft:lapis_lazuli":9,"minecraft:cherry_door":1,"minecraft:dirt":2952,"minecraft:lantern":3,"minecraft:name_tag":23,"minecraft:purple_carpet":5,"minecraft:bone":8,"minecraft:bow":1,"gobber2:gobber2_gooey_beef":2,"minecraft:wheat_seeds":561,"minecraft:raw_gold":30,"minecraft:rabbit":2,"minecraft:glowstone_dust":4,"minecraft:moss_block":9,"nemos-carpentry:wooden_saw":2,"minecraft:stone_hoe":3,"minecraft:oak_planks":12,"gobber2:gobber2_gooey_bread":8,"biomesoplenty:magic_sapling":100,"minecraft:cooked_porkchop":2,"minecraft:sand":8,"more_gems:carbonado":42,"minecraft:lily_of_the_valley":3,"more_gems:alexandrite_helmet":2,"minecraft:dark_oak_log":17,"biomesoplenty:glowflower":5,"minecraft:diamond":186,"biomesoplenty:magic_planks":160,"more_gems:kunzite":33,"minecraft:golden_apple":1,"minecraft:bread":19,"minecraft:emerald":36,"biomesoplenty:pink_daffodil":8,"minecraft:oak_sapling":19,"minecraft:cherry_slab":29,"more_gems:citrine_axe":1,"gobber2:gobber2_goo":28,"minecraft:diamond_pickaxe":1,"more_gems:sapphire":21,"minecraft:lingering_potion":1,"minecraft:crafting_table":20,"more_gems:alexandrite":29,"minecraft:allium":20,"minecraft:azure_bluet":11,"nemos-carpentry:cherry_table_the_classic":10,"minecraft:splash_potion":2,"minecraft:chicken":1,"minecraft:ladder":13,"minecraft:clay_ball":12,"minecraft:brown_mushroom":7,"more_gems:sharpening_gem_greater":2,"minecraft:gold_block":4,"minecraft:brick":26,"minecraft:iron_axe":1,"minecraft:cracked_stone_bricks":1,"biomesoplenty:black_sand":18,"minecraft:sugar_cane":6,"minecraft:chest":12,"minecraft:phantom_membrane":1,"minecraft:egg":2,"minecraft:dark_oak_sapling":6,"minecraft:raw_iron":109,"minecraft:end_stone":3,"minecraft:cherry_stairs":7,"more_gems:citrine":17,"minecraft:redstone":124,"more_gems:alexandrite_leggings":1,"minecraft:arrow":28,"biomesoplenty:blue_hydrangea":3,"minecraft:cooked_cod":3,"minecraft:decorated_pot":15,"minecraft:gold_ingot":5,"more_gems:sapphire_pickaxe":1,"minecraft:glow_berries":2,"minecraft:mutton":7,"minecraft:skeleton_skull":2,"minecraft:white_wool":23,"minecraft:glow_ink_sac":2,"more_gems:kunzite_boots":1,"gobber2:gobber2_gooey_beefstew":8,"minecraft:red_mushroom":22,"biomesoplenty:stripped_magic_log":1,"minecraft:oak_log":50,"minecraft:gunpowder":6,"minecraft:cobblestone_stairs":11,"more_gems:spinel":24,"minecraft:white_banner":3,"minecraft:apple":6,"minecraft:stone_bricks":35,"minecraft:rabbit_hide":1,"minecraft:iron_ingot":16,"minecraft:stone_pickaxe":1,"biomesoplenty:magic_log":426,"minecraft:iron_sword":3,"minecraft:flowering_azalea":1,"minecraft:sweet_berries":14,"biomesoplenty:magic_door":13,"more_gems:corundum":15,"nemos-carpentry:cherry_chair_felix":1,"minecraft:spruce_sapling":16,"minecraft:blast_furnace":1,"minecraft:spruce_log":47,"minecraft:spider_eye":6,"biomesoplenty:flowering_oak_sapling":1,"biomesoplenty:mahogany_log":1,"minecraft:pumpkin_seeds":8,"mining_dims:caving_teleporter":1,"minecraft:painting":19,"minecraft:cherry_sapling":283,"niftycarts:animal_cart":5,"minecraft:coal":85},"minecraft:killed":{"minecraft:cave_spider":1,"minecraft:witch":8,"minecraft:spider":3,"minecraft:skeleton":11,"minecraft:chicken":1,"minecraft:pig":6,"minecraft:zombie_villager":8,"minecraft:creeper":6,"minecraft:sheep":2,"minecraft:pillager":8,"minecraft:zombie":11,"minecraft:allay":1,"minecraft:phantom":3,"minecraft:rabbit":1},"minecraft:broken":{"more_gems:citrine_axe":1,"minecraft:stone_axe":1,"minecraft:iron_sword":2,"minecraft:wooden_axe":1,"minecraft:iron_axe":2,"minecraft:iron_pickaxe":2},"minecraft:dropped":{"more_gems:carbonado":14,"more_gems:alexandrite_boots":1,"minecraft:iron_sword":1,"minecraft:brown_mushroom":7,"minecraft:cooked_beef":14,"minecraft:crafting_table":2,"minecraft:dark_oak_sapling":2,"minecraft:cooked_porkchop":2,"minecraft:decorated_pot":10,"biomesoplenty:magic_planks":18,"minecraft:cracked_stone_bricks":1,"more_gems:sapphire_pickaxe":1,"minecraft:emerald":1,"minecraft:cobblestone_stairs":4,"minecraft:dirt":3,"minecraft:dark_oak_log":9,"gobber2:gobber2_goo":8,"minecraft:iron_pickaxe":2,"minecraft:cobbled_deepslate":5,"foodtxf:player_flesh":3,"more_gems:citrine":4,"minecraft:glowstone_dust":3,"gobber2:gobber2_gooey_beefstew":3,"minecraft:azure_bluet":3,"more_gems:corundum":11,"minecraft:splash_potion":1,"minecraft:bread":28,"minecraft:egg":1,"minecraft:iron_ingot":8,"minecraft:stone_hoe":1,"more_gems:kunzite":18,"minecraft:wheat_seeds":63,"gobber2:gobber2_foo":1,"more_gems:kunzite_chestplate":1,"minecraft:golden_apple":1,"minecraft:stick":14,"more_gems:alexandrite_chestplate":1,"minecraft:wooden_axe":1,"minecraft:rabbit":1,"minecraft:potion":1,"minecraft:iron_axe":2,"biomesoplenty:magic_door":4,"minecraft:smooth_stone":5,"minecraft:furnace":3,"gobber2:gobber2_gooey_beef":2,"minecraft:raw_iron":18,"more_gems:alexandrite_helmet":1,"minecraft:oak_sign":4,"minecraft:shears":1,"minecraft:allium":1,"more_gems:citrine_axe":1,"biomesoplenty:magic_log":5,"minecraft:red_tulip":1,"minecraft:brick":16},"minecraft:killed_by":{"minecraft:zombie":1,"minecraft:skeleton":2},"minecraft:custom":{"minecraft:animals_bred":4,"minecraft:interact_with_crafting_table":128,"minecraft:open_barrel":6,"minecraft:leave_game":21,"minecraft:time_since_death":471745,"minecraft:sprint_one_cm":1620957,"minecraft:damage_blocked_by_shield":195,"minecraft:drop":113,"minecraft:play_time":496904,"minecraft:deaths":3,"minecraft:jump":6706,"minecraft:walk_on_water_one_cm":67567,"minecraft:interact_with_furnace":340,"minecraft:sleep_in_bed":13,"minecraft:damage_dealt":15171,"minecraft:crouch_one_cm":46407,"minecraft:mob_kills":71,"minecraft:climb_one_cm":15710,"minecraft:walk_one_cm":2078244,"minecraft:sneak_time":12250,"minecraft:walk_under_water_one_cm":102445,"minecraft:interact_with_blast_furnace":12,"minecraft:total_world_time":496904,"minecraft:time_since_rest":3688,"minecraft:damage_taken":4961,"minecraft:swim_one_cm":62332,"minecraft:fly_one_cm":1291199,"minecraft:open_chest":356,"minecraft:fall_one_cm":195107},"minecraft:mined":{"nemos-carpentry:dark_oak_table_the_classic":3,"minecraft:cherry_log":22,"minecraft:cobblestone_stairs":3,"minecraft:jungle_leaves":1,"minecraft:obsidian":6,"minecraft:cave_vines_plant":4,"minecraft:grass_block":951,"gobber2:gobber2_lucky_block":21,"minecraft:coal_block":4,"minecraft:spawner":2,"minecraft:fire":1,"minecraft:iron_ore":33,"minecraft:azure_bluet":8,"mining_dims:caving_portal_block":6,"minecraft:cave_vines":2,"biomesoplenty:glowflower":7,"minecraft:oak_stairs":1,"minecraft:purple_carpet":5,"minecraft:deepslate_redstone_ore":2,"minecraft:magenta_carpet":10,"minecraft:clay":1,"minecraft:torch":24,"minecraft:blast_furnace":1,"more_gems:topaz_ore":3,"minecraft:chest":12,"nemos-carpentry:dark_oak_chair":2,"minecraft:mushroom_stem":1,"more_gems:citrine_ore":7,"minecraft:cobblestone":129,"minecraft:oak_planks":12,"minecraft:sugar_cane":5,"minecraft:wall_torch":11,"minecraft:cherry_slab":28,"minecraft:cherry_fence":1,"more_gems:carbonado_ore":2,"more_gems:spinel_ore_deepslate":6,"biomesoplenty:magic_planks":133,"biomesoplenty:magic_leaves":1,"more_gems:sapphire_ore_deepslate":4,"minecraft:wheat":174,"minecraft:lilac":5,"minecraft:cherry_door":1,"minecraft:smooth_stone_slab":13,"biomesoplenty:stripped_magic_log":1,"nemos-carpentry:cherry_chair_felix":1,"biomesoplenty:clover":93,"minecraft:dirt":183,"minecraft:red_mushroom_block":1,"minecraft:oak_leaves":4,"minecraft:deepslate":6,"minecraft:diamond_ore":96,"minecraft:deepslate_diamond_ore":7,"minecraft:cherry_sapling":2,"minecraft:dark_oak_log":2,"more_gems:kunzite_ore":26,"biomesoplenty:magic_sapling":17,"minecraft:end_stone":1,"minecraft:ladder":12,"minecraft:chiseled_bookshelf":1,"biomesoplenty:bush":3,"minecraft:allium":14,"minecraft:decorated_pot":18,"minecraft:moss_block":2,"more_gems:spinel_ore":7,"more_gems:sapphire_ore":4,"minecraft:furnace":13,"biomesoplenty:magic_log":53,"biomesoplenty:high_grass":33,"minecraft:deepslate_iron_ore":8,"minecraft:lantern":3,"minecraft:stone":780,"minecraft:cherry_stairs":7,"biomesoplenty:magic_door":7,"minecraft:flowering_azalea":1,"minecraft:glass_pane":6,"minecraft:cherry_planks":81,"nemos-carpentry:cherry_table_the_classic":10,"more_gems:alexandrite_ore":25,"minecraft:crafting_table":19,"minecraft:short_grass":235,"minecraft:rose_bush":1,"biomesoplenty:high_grass_plant":31,"minecraft:tall_grass":3,"minecraft:deepslate_coal_ore":3,"biomesoplenty:sprout":355,"minecraft:deepslate_gold_ore":6,"biomesoplenty:magic_fence":6,"biomesoplenty:blue_hydrangea":2,"biomesoplenty:mahogany_log":1,"nemos-carpentry:oak_chair":2,"minecraft:sweet_berry_bush":5,"biomesoplenty:pink_daffodil":6,"minecraft:spruce_log":3,"more_gems:carbonado_ore_deepslate":12,"more_gems:corundum_ore":10,"minecraft:coal_ore":45,"more_gems:tourmaline_ore":3,"nemos-carpentry:cherry_chair":8,"nemos-carpentry:carpenters_workbench":4,"minecraft:cherry_leaves":2,"minecraft:gravel":1,"minecraft:cobweb":28,"minecraft:cracked_stone_bricks":1,"minecraft:stone_bricks":27,"minecraft:gold_ore":20,"minecraft:fern":4}},"DataVersion":3839}