{"stats":{"minecraft:crafted":{"minecraft:oak_planks":76,"minecraft:oak_sign":3,"minecraft:stone":108,"minecraft:diamond_shovel":1,"minecraft:chest":2,"minecraft:stone_hoe":1,"minecraft:cooked_rabbit":1,"minecraft:cooked_porkchop":6,"minecraft:diamond_axe":1,"minecraft:crafting_table":1,"more_gems:kunzite_leggings":1,"minecraft:diamond_pickaxe":1,"minecraft:stick":12,"minecraft:iron_ingot":13,"more_gems:kunzite_boots":1,"minecraft:stone_shovel":1,"foodtxf:cooked_player_flesh":2,"minecraft:furnace":2,"more_gems:corundum_helmet":1,"more_gems:corundum_boots":1,"biomesoplenty:magic_planks":152,"minecraft:bucket":4,"minecraft:stone_axe":2,"minecraft:bread":1,"minecraft:air":0,"biomesoplenty:magic_stairs":16,"minecraft:wooden_axe":1},"minecraft:custom":{"minecraft:interact_with_crafting_table":28,"minecraft:open_barrel":5,"minecraft:leave_game":7,"minecraft:time_since_death":139941,"minecraft:sprint_one_cm":615538,"minecraft:drop":163,"minecraft:play_time":257047,"minecraft:deaths":5,"minecraft:jump":3471,"minecraft:walk_on_water_one_cm":63713,"minecraft:interact_with_furnace":39,"minecraft:sleep_in_bed":5,"minecraft:damage_dealt":7838,"minecraft:crouch_one_cm":21201,"minecraft:mob_kills":87,"minecraft:climb_one_cm":8907,"minecraft:walk_one_cm":2002651,"minecraft:sneak_time":8435,"minecraft:walk_under_water_one_cm":95584,"minecraft:interact_with_blast_furnace":1,"minecraft:total_world_time":257047,"minecraft:pot_flower":3,"minecraft:time_since_rest":25159,"minecraft:damage_taken":4517,"minecraft:swim_one_cm":64437,"minecraft:fly_one_cm":344638,"minecraft:open_chest":157,"minecraft:fall_one_cm":65148},"minecraft:used":{"minecraft:moss_block":5,"minecraft:cherry_sapling":27,"minecraft:oak_sign":4,"minecraft:chest":2,"minecraft:iron_sword":477,"minecraft:rotten_flesh":1,"minecraft:allium":2,"minecraft:azure_bluet":2,"minecraft:lantern":2,"minecraft:furnace":2,"biomesoplenty:magic_log":11,"minecraft:diamond_axe":377,"minecraft:glow_berries":13,"biomesoplenty:magic_planks":134,"minecraft:shears":35,"minecraft:bread":21,"biomesoplenty:magic_stairs":23,"minecraft:cooked_rabbit":1,"minecraft:stone_shovel":131,"minecraft:stone_hoe":85,"minecraft:torch":10,"minecraft:dirt":70,"mining_dims:caving_portal_block":6,"minecraft:wooden_axe":5,"minecraft:iron_axe":115,"minecraft:cooked_beef":6,"biomesoplenty:magic_leaves":33,"minecraft:wheat_seeds":68,"minecraft:water_bucket":32,"minecraft:crafting_table":2,"minecraft:red_bed":2,"minecraft:flower_pot":3,"minecraft:diamond_pickaxe":685,"minecraft:apple":13,"minecraft:diamond_shovel":712,"minecraft:iron_pickaxe":156,"minecraft:stone_axe":89,"minecraft:cobblestone":34,"minecraft:potion":1,"minecraft:cooked_porkchop":7,"minecraft:bucket":32,"minecraft:candle":9},"minecraft:picked_up":{"minecraft:wooden_axe":1,"minecraft:wheat":42,"minecraft:redstone_block":1,"minecraft:flower_pot":9,"more_gems:topaz":4,"mining_dims:caving_portal_block":14,"biomesoplenty:magic_leaves":35,"minecraft:potion":2,"more_gems:tourmaline":4,"minecraft:string":8,"minecraft:raw_copper":59,"minecraft:smooth_stone_slab":6,"minecraft:oak_sign":2,"minecraft:cobbled_deepslate":6,"minecraft:white_tulip":13,"minecraft:rose_bush":4,"minecraft:azalea":1,"minecraft:iron_pickaxe":3,"minecraft:stick":246,"more_gems:kunzite_chestplate":1,"minecraft:torch":18,"minecraft:porkchop":8,"minecraft:cherry_log":218,"foodtxf:player_flesh":11,"gobber2:gobber2_foo":1,"minecraft:honey_bottle":2,"minecraft:rotten_flesh":18,"minecraft:red_tulip":3,"minecraft:cobblestone":529,"minecraft:nautilus_shell":1,"minecraft:pink_petals":4,"minecraft:cooked_beef":7,"minecraft:feather":3,"minecraft:lilac":6,"minecraft:lapis_lazuli":25,"minecraft:dirt":699,"minecraft:name_tag":13,"minecraft:bone":7,"minecraft:orange_tulip":5,"minecraft:bow":1,"gobber2:gobber2_gooey_beef":2,"minecraft:wheat_seeds":200,"minecraft:raw_gold":4,"minecraft:glowstone_dust":7,"minecraft:rabbit":2,"minecraft:bamboo":12,"minecraft:moss_block":11,"biomesoplenty:magic_stairs":7,"minecraft:stone_hoe":1,"gobber2:gobber2_gooey_bread":2,"biomesoplenty:toadstool":1,"biomesoplenty:magic_sapling":112,"minecraft:cooked_porkchop":4,"minecraft:sand":8,"minecraft:lily_of_the_valley":2,"minecraft:dark_oak_log":47,"biomesoplenty:glowflower":17,"minecraft:sugar":5,"minecraft:diamond":84,"biomesoplenty:magic_planks":183,"more_gems:kunzite":18,"minecraft:golden_apple":1,"minecraft:bread":26,"minecraft:emerald":21,"biomesoplenty:pink_daffodil":23,"minecraft:oak_sapling":53,"gobber2:gobber2_goo":4,"minecraft:diamond_pickaxe":5,"more_gems:sapphire":9,"minecraft:crafting_table":1,"more_gems:alexandrite":5,"minecraft:allium":10,"minecraft:azure_bluet":5,"minecraft:splash_potion":1,"minecraft:chicken":6,"minecraft:clay_ball":8,"biomesoplenty:huge_lily_pad":3,"minecraft:brick":63,"minecraft:red_bed":2,"minecraft:iron_axe":1,"minecraft:cracked_stone_bricks":3,"minecraft:candle":9,"biomesoplenty:black_sand":18,"minecraft:beef":20,"minecraft:light_gray_wool":1,"minecraft:sugar_cane":1,"minecraft:egg":1,"minecraft:raw_iron":66,"minecraft:end_stone":1,"more_gems:citrine":5,"minecraft:bowl":8,"minecraft:spruce_fence":1,"minecraft:redstone":120,"minecraft:arrow":2,"biomesoplenty:blue_hydrangea":48,"minecraft:decorated_pot":6,"minecraft:shears":1,"minecraft:pink_tulip":4,"minecraft:gold_ingot":1,"minecraft:glow_berries":24,"minecraft:mutton":16,"minecraft:white_wool":14,"minecraft:skeleton_skull":1,"minecraft:oxeye_daisy":1,"biomesoplenty:black_sandstone":2,"minecraft:glow_ink_sac":1,"minecraft:salmon":13,"minecraft:leather":10,"more_gems:kunzite_boots":1,"gobber2:gobber2_gooey_beefstew":3,"minecraft:red_mushroom":51,"biomesoplenty:stripped_magic_log":1,"minecraft:oak_log":162,"minecraft:lily_pad":3,"minecraft:gunpowder":5,"minecraft:apple":13,"minecraft:stone_bricks":24,"more_gems:kunzite_leggings":1,"minecraft:rabbit_hide":1,"minecraft:iron_ingot":7,"minecraft:stone_pickaxe":1,"biomesoplenty:magic_log":414,"minecraft:glass_bottle":10,"minecraft:iron_sword":14,"minecraft:book":6,"biomesoplenty:waterlily":4,"biomesoplenty:magic_door":1,"more_gems:corundum":13,"minecraft:spider_eye":2,"biomesoplenty:flowering_oak_sapling":19,"minecraft:stone_axe":2,"minecraft:diamond_axe":3,"minecraft:cherry_sapling":124,"minecraft:coal":77},"minecraft:killed_by":{"minecraft:creeper":1,"minecraft:skeleton":3},"minecraft:killed":{"minecraft:witch":17,"minecraft:skeleton":1,"minecraft:fox":4,"minecraft:chicken":6,"minecraft:axolotl":1,"minecraft:pig":6,"minecraft:zombie_villager":4,"minecraft:salmon":13,"minecraft:creeper":3,"minecraft:sheep":12,"minecraft:zombie":4,"minecraft:glow_squid":2,"minecraft:cow":11,"minecraft:drowned":1,"minecraft:rabbit":1},"minecraft:dropped":{"minecraft:iron_sword":9,"minecraft:brown_mushroom":7,"minecraft:moss_block":6,"minecraft:diamond_axe":3,"biomesoplenty:pink_daffodil":1,"minecraft:lapis_lazuli":9,"minecraft:oak_log":1,"minecraft:glow_ink_sac":1,"minecraft:glass_bottle":4,"minecraft:diamond":17,"minecraft:cooked_porkchop":2,"minecraft:decorated_pot":6,"biomesoplenty:black_sand":18,"minecraft:leather":1,"minecraft:cracked_stone_bricks":2,"minecraft:emerald":31,"minecraft:flint":4,"minecraft:dirt":87,"minecraft:dark_oak_log":9,"minecraft:mutton":4,"biomesoplenty:flowering_oak_sapling":14,"minecraft:sand":8,"minecraft:sugar":2,"gobber2:gobber2_gooey_bread":2,"minecraft:white_wool":14,"minecraft:gold_ingot":4,"biomesoplenty:toadstool":1,"minecraft:stone_axe":1,"minecraft:cobbled_deepslate":6,"foodtxf:player_flesh":5,"minecraft:wheat":76,"minecraft:end_stone":1,"minecraft:glowstone_dust":4,"gobber2:gobber2_gooey_beefstew":3,"minecraft:honey_bottle":1,"minecraft:azure_bluet":1,"more_gems:alexandrite":1,"minecraft:rabbit_hide":1,"minecraft:gunpowder":2,"minecraft:skeleton_skull":2,"minecraft:azalea":1,"minecraft:arrow":5,"minecraft:stone_hoe":1,"minecraft:bread":6,"minecraft:iron_ingot":12,"minecraft:wheat_seeds":86,"gobber2:gobber2_foo":1,"biomesoplenty:magic_sapling":25,"minecraft:cobblestone":373,"minecraft:coal":27,"more_gems:sapphire":4,"minecraft:torch":9,"minecraft:rabbit":1,"minecraft:string":8,"minecraft:pink_petals":4,"minecraft:redstone_block":1,"minecraft:redstone":20,"minecraft:raw_copper":59,"minecraft:smooth_stone_slab":6,"minecraft:bowl":8,"gobber2:gobber2_gooey_beef":2,"minecraft:raw_iron":31,"minecraft:clay_ball":8,"minecraft:name_tag":23,"minecraft:pumpkin_seeds":4,"minecraft:lily_of_the_valley":2,"minecraft:allium":1,"minecraft:diamond_pickaxe":4,"minecraft:oak_sapling":44,"biomesoplenty:blue_hydrangea":1,"minecraft:stone_bricks":24,"minecraft:spider_eye":1,"biomesoplenty:magic_log":11,"minecraft:bow":1,"minecraft:stone_pickaxe":1,"minecraft:raw_gold":4,"minecraft:nautilus_shell":1,"minecraft:brick":63},"minecraft:mined":{"minecraft:oak_sapling":1,"minecraft:jungle_leaves":2,"minecraft:cave_vines_plant":12,"minecraft:grass_block":503,"gobber2:gobber2_lucky_block":14,"biomesoplenty:flowering_oak_leaves":3,"minecraft:oxeye_daisy":1,"minecraft:iron_ore":28,"minecraft:fire":5,"minecraft:azure_bluet":3,"mining_dims:caving_portal_block":14,"minecraft:red_tulip":4,"minecraft:cave_vines":20,"biomesoplenty:glowflower":16,"minecraft:pink_tulip":4,"minecraft:azalea":1,"minecraft:deepslate_redstone_ore":14,"minecraft:red_bed":2,"minecraft:clay":2,"minecraft:torch":8,"biomesoplenty:black_sandstone":2,"more_gems:topaz_ore":3,"minecraft:poppy":1,"minecraft:mushroom_stem":9,"more_gems:citrine_ore":5,"minecraft:cobblestone":8,"minecraft:oak_planks":1,"minecraft:sugar_cane":1,"minecraft:pink_petals":1,"biomesoplenty:magic_planks":114,"biomesoplenty:huge_lily_pad":3,"biomesoplenty:magic_leaves":45,"more_gems:sapphire_ore_deepslate":3,"minecraft:wheat":21,"minecraft:lilac":9,"minecraft:orange_tulip":5,"minecraft:smooth_stone_slab":1,"biomesoplenty:waterlily":4,"biomesoplenty:stripped_magic_log":1,"biomesoplenty:clover":48,"minecraft:oak_log":2,"minecraft:sand":8,"minecraft:dirt":190,"minecraft:red_mushroom_block":62,"minecraft:oak_leaves":3,"minecraft:deepslate":28,"minecraft:diamond_ore":40,"minecraft:tuff":3,"biomesoplenty:watergrass":1,"minecraft:deepslate_diamond_ore":47,"minecraft:candle":3,"minecraft:dark_oak_log":41,"biomesoplenty:magic_sapling":28,"minecraft:allium":5,"minecraft:spruce_fence":1,"minecraft:decorated_pot":17,"minecraft:moss_block":13,"minecraft:red_mushroom":5,"more_gems:sapphire_ore":2,"minecraft:redstone_ore":12,"biomesoplenty:toadstool":1,"biomesoplenty:magic_log":85,"minecraft:bookshelf":2,"biomesoplenty:high_grass":4,"minecraft:vine":2,"minecraft:bamboo":2,"minecraft:white_tulip":14,"minecraft:stone":458,"biomesoplenty:magic_door":1,"biomesoplenty:magic_stairs":7,"minecraft:redstone_block":1,"minecraft:potted_lily_of_the_valley":2,"more_gems:alexandrite_ore":5,"biomesoplenty:black_sand":18,"minecraft:crafting_table":2,"minecraft:short_grass":147,"minecraft:rose_bush":6,"biomesoplenty:high_grass_plant":6,"minecraft:copper_ore":18,"minecraft:tall_grass":13,"minecraft:deepslate_gold_ore":3,"biomesoplenty:sprout":213,"minecraft:lapis_ore":2,"minecraft:lily_pad":3,"biomesoplenty:blue_hydrangea":49,"biomesoplenty:pink_daffodil":20,"more_gems:corundum_ore":3,"minecraft:coal_ore":76,"more_gems:tourmaline_ore":4,"minecraft:cherry_leaves":1,"minecraft:flower_pot":7,"minecraft:cobweb":5,"minecraft:cracked_stone_bricks":1,"minecraft:stone_bricks":8,"minecraft:small_dripleaf":1,"minecraft:gold_ore":1,"minecraft:fern":2},"minecraft:broken":{"minecraft:stone_axe":1,"minecraft:iron_sword":1,"minecraft:iron_axe":1,"minecraft:iron_pickaxe":1}},"DataVersion":3839}