{
    "name": "Burdened Armor",
    "description": "While Inchlings can don armor, anything heavier than leather weighs them down significantly. This added weight slows their movement.",
    "type": "origins:conditioned_attribute",
    "modifier": {
        "attribute": "minecraft:generic.movement_speed",
        "operation": "addition",
        "value": -0.015,
        "name": "Decreased Movement Speed"
    },
    "tick_rate": 20,
    "condition": {
        "type": "origins:or",
        "conditions": [
            {
                "type": "origins:equipped_item",
                "equipment_slot": "head",
                "item_condition": {
                    "type": "origins:armor_value",
                    "comparison": ">=",
                    "compare_to": 2
                }
            },
            {
                "type": "origins:equipped_item",
                "equipment_slot": "chest",
                "item_condition": {
                    "type": "origins:armor_value",
                    "comparison": ">=",
                    "compare_to": 5
                }
            },
            {
                "type": "origins:equipped_item",
                "equipment_slot": "legs",
                "item_condition": {
                    "type": "origins:armor_value",
                    "comparison": ">=",
                    "compare_to": 3
                }
            },
            {
                "type": "origins:equipped_item",
                "equipment_slot": "feet",
                "item_condition": {
                    "type": "origins:armor_value",
                    "comparison": ">=",
                    "compare_to": 2
                }
            },
            {
                "type": "origins:equipped_item",
                "equipment_slot": "feet",
                "item_condition": {
                    "type": "origins:ingredient",
                    "ingredient": {
                        "item": "minecraft:golden_boots"
                    }
                }
            },
            {
                "type": "origins:equipped_item",
                "equipment_slot": "feet",
                "item_condition": {
                    "type": "origins:ingredient",
                    "ingredient": {
                        "item": "minecraft:golden_boots"
                    }
                }
            }
        ]
    }
}