{
    "name": "Minuscule Majesty",
    "description": "Embodying the essence of diminutive stature, Inchlings have been granted the unique advantage of being the tiniest beings in the realm.",
	"type":"origins:action_on_callback",
	"entity_action_chosen":{
	   "type":"origins:and",
	   "actions":[
		  {
			 "type":"origins:execute_command",
			 "command":"scale set pehkui:height 0.25 @s"
		  },
		  {
			 "type":"origins:execute_command",
			 "command":"scale set pehkui:width 0.25 @s"
		  },
		  {
			 "type":"origins:execute_command",
			 "command":"scale persist set true @s"
		  }
	   ]
	},
	"entity_action_lost":{
	   "type":"origins:execute_command",
	   "command":"scale reset @s"
	},
	"entity_action_respawned":{
	   "type":"origins:and",
	   "actions":[
		  {
			 "type":"origins:execute_command",
			 "command":"scale set pehkui:height 0.25 @s"
		  },
		  {
			 "type":"origins:execute_command",
			 "command":"scale set pehkui:width 0.25 @s"
		  },
		  {
			 "type":"origins:execute_command",
			 "command":"scale persist set true @s"
		  }
	   ]
	},
	"execute_chosen_when_orb":true
}