{
   "name":"Nimble Nature",
   "description":"The Inchling's delicate frame, while reducing their heart count, gifts them with unmatched agility, allowing for rapid strikes. However, their compact stature demands closer engagements, slightly limiting their combat and building reach. In this balance of vulnerability and speed, the Inchling thrives.",
   "badges":[
      {
         "type":"origins:tooltip",
         "sprite":"origins:textures/gui/badge/star.png",
         "text":"You have five (5) hearts total, 0.5 more attack speed, 0.25 less attack range, and 1 less build range."
      }
   ],
   "type":"origins:attribute",
   "modifiers":[
      {
         "attribute":"minecraft:generic.max_health",
         "operation":"addition",
         "value":-10,
         "name":"Max Health Reduced"
      },
      {
         "attribute":"minecraft:generic.attack_speed",
         "operation":"addition",
         "value":0.5,
         "name":"Attack Speed Increased"
      },
      {
         "attribute":"minecraft:generic.movement_speed",
         "operation":"addition",
         "value":-0.015,
         "name":"Movement Speed Reduced"
      },
      {
         "attribute":"reach-entity-attributes:attack_range",
         "operation":"addition",
         "value":-0.25,
         "name":"Attack Range Reduced"
      },
      {
         "attribute":"reach-entity-attributes:reach",
         "operation":"addition",
         "value":-1,
         "name":"Block Reach Reduced"
      }
   ],
   "update_health":true
}