{
  "name":"Chromatic Aura",
  "description":"The Fae's intrinsic bond with the world around them manifests in a captivating glow that shifts in hue based on their surroundings and the time of day. As night blankets the world, their aura takes on a soft blue, reminiscent of the serene night sky. Come daylight, it radiates a golden yellow, echoing the warmth of the sun. In realms beyond the Overworld, a dreamy lavender envelops them, while the lush forests bring forth an emerald green glow. And in the enchanting cherry blossom biomes, their aura blooms in a tender rose pink.",
  "type":"origins:multiple",
  "nighttime_glow":{
     "type":"origins:self_glow",
     "use_teams":false,
     "red":0.1686274509803922,
     "green":0.1725490196078431,
     "blue":0.3529411764705882,
     "condition":{
        "type":"origins:and",
        "conditions":[
           {
              "type":"origins:daytime",
              "inverted":true
           },
           {
              "type":"origins:dimension",
              "dimension":"minecraft:overworld",
              "inverted":false
           },
           {
              "type":"origins:biome",
              "condition":{
                 "type":"origins:in_tag",
                 "tag":"minecraft:is_forest",
                 "inverted":true
              }
           },
           {
              "type":"origins:biome",
              "biome":"minecraft:cherry_grove",
              "inverted":true
           }
        ]
     }
  },
  "nighttime_particles":{
     "type":"origins:particle",
     "particle":{
        "type":"minecraft:dust",
        "params":"0.17 0.17 0.35 1"
     },
     "frequency":20,
     "count":16,
     "speed":0.0,
     "spread":{
        "x":0.3,
        "y":0.0,
        "z":0.3
     },
     "offset_y":0.3,
     "visible_in_first_person":false,
     "visible_while_invisible":false,
     "condition":{
        "type":"origins:and",
        "conditions":[
           {
              "type":"origins:daytime",
              "inverted":true
           },
           {
              "type":"origins:dimension",
              "dimension":"minecraft:overworld",
              "inverted":false
           },
           {
              "type":"origins:biome",
              "condition":{
                 "type":"origins:in_tag",
                 "tag":"minecraft:is_forest",
                 "inverted":true
              }
           },
           {
              "type":"origins:biome",
              "biome":"minecraft:cherry_grove",
              "inverted":true
           }
        ]
     }
  },
  "daytime_glow":{
     "type":"origins:self_glow",
     "use_teams":false,
     "red":0.9764705882352941,
     "green":0.8431372549019608,
     "blue":0.1098039215686275,
     "condition":{
        "type":"origins:and",
        "conditions":[
           {
              "type":"origins:daytime",
              "inverted":false
           },
           {
              "type":"origins:dimension",
              "dimension":"minecraft:overworld",
              "inverted":false
           },
           {
              "type":"origins:biome",
              "condition":{
                 "type":"origins:in_tag",
                 "tag":"minecraft:is_forest",
                 "inverted":true
              }
           },
           {
              "type":"origins:biome",
              "biome":"minecraft:cherry_grove",
              "inverted":true
           }
        ]
     }
  },
  "daytime_particles":{
     "type":"origins:particle",
     "particle":{
        "type":"minecraft:dust",
        "params":"0.98 0.84 0.11 1"
     },
     "frequency":20,
     "count":16,
     "speed":0.0,
     "spread":{
        "x":0.3,
        "y":0.0,
        "z":0.3
     },
     "offset_y":0.3,
     "visible_in_first_person":false,
     "visible_while_invisible":false,
     "condition":{
        "type":"origins:and",
        "conditions":[
           {
              "type":"origins:daytime",
              "inverted":false
           },
           {
              "type":"origins:dimension",
              "dimension":"minecraft:overworld",
              "inverted":false
           },
           {
              "type":"origins:biome",
              "condition":{
                 "type":"origins:in_tag",
                 "tag":"minecraft:is_forest",
                 "inverted":true
              }
           },
           {
              "type":"origins:biome",
              "biome":"minecraft:cherry_grove",
              "inverted":true
           }
        ]
     }
  },
  "other_dimension_glow":{
     "type":"origins:self_glow",
     "use_teams":false,
     "red":0.6901960784313725,
     "green":0.596078431372549,
     "blue":0.7568627450980392,
     "condition":{
        "type":"origins:dimension",
        "dimension":"minecraft:overworld",
        "inverted":true
     }
  },
  "other_dimension_particles":{
     "type":"origins:particle",
     "particle":{
        "type":"minecraft:dust",
        "params":"0.69 0.6 0.76 1"
     },
     "frequency":20,
     "count":16,
     "speed":0.0,
     "spread":{
        "x":0.3,
        "y":0.0,
        "z":0.3
     },
     "offset_y":0.3,
     "visible_in_first_person":false,
     "visible_while_invisible":false,
     "condition":{
        "type":"origins:dimension",
        "dimension":"minecraft:overworld",
        "inverted":true
     }
  },
  "in_forest_glow":{
     "type":"origins:self_glow",
     "use_teams":false,
     "red":0.0156862745098039,
     "green":0.3882352941176471,
     "blue":0.0274509803921569,
     "condition":{
        "type":"origins:and",
        "conditions":[
           {
              "type":"origins:biome",
              "condition":{
                 "type":"origins:in_tag",
                 "tag":"minecraft:is_forest",
                 "inverted":false
              }
           },
           {
              "type":"origins:biome",
              "biome":"minecraft:cherry_grove",
              "inverted":true
           }
        ]
     }
  },
  "in_forest_particles":{
     "type":"origins:particle",
     "particle":{
        "type":"minecraft:dust",
        "params":"0.02 0.39 0.03 1"
     },
     "frequency":20,
     "count":16,
     "speed":0.0,
     "spread":{
        "x":0.3,
        "y":0.0,
        "z":0.3
     },
     "offset_y":0.3,
     "visible_in_first_person":false,
     "visible_while_invisible":false,
     "condition":{
        "type":"origins:and",
        "conditions":[
           {
              "type":"origins:biome",
              "condition":{
                 "type":"origins:in_tag",
                 "tag":"minecraft:is_forest",
                 "inverted":false
              }
           },
           {
              "type":"origins:biome",
              "biome":"minecraft:cherry_grove",
              "inverted":true
           }
        ]
     }
  },
  "in_cherry_grove_glow":{
     "type":"origins:self_glow",
     "use_teams":false,
     "red":0.9450980392156863,
     "green":0.4705882352941176,
     "blue":0.5254901960784314,
     "condition":{
        "type":"origins:and",
        "conditions":[
           {
              "type":"origins:biome",
              "condition":{
                 "type":"origins:in_tag",
                 "tag":"minecraft:is_forest",
                 "inverted":true
              }
           },
           {
              "type":"origins:biome",
              "biome":"minecraft:cherry_grove",
              "inverted":false
           }
        ]
     }
  },
  "in_cherry_grove_particles":{
     "type":"origins:particle",
     "particle":{
        "type":"minecraft:dust",
        "params":"0.95 0.47 0.53 1"
     },
     "frequency":20,
     "count":16,
     "speed":0.0,
     "spread":{
        "x":0.3,
        "y":0.0,
        "z":0.3
     },
     "offset_y":0.3,
     "visible_in_first_person":false,
     "visible_while_invisible":false,
     "condition":{
        "type":"origins:and",
        "conditions":[
           {
              "type":"origins:biome",
              "condition":{
                 "type":"origins:in_tag",
                 "tag":"minecraft:is_forest",
                 "inverted":true
              }
           },
           {
              "type":"origins:biome",
              "biome":"minecraft:cherry_grove",
              "inverted":false
           }
        ]
     }
  }
}