{
    "name": "Verdant Touch",
    "description": "When standing upon crops or fertile farmland, the presence of a fairy becomes a beacon of growth and vitality. Within a 2-block radius, seeds sprout with vigor, and plants reach for the sky at an accelerated pace.",
    "type": "origins:action_over_time",
	"entity_action": {
		"type":"origins:block_action_at",
        "block_action": {
            "type": "origins:area_of_effect",
            "radius": 2,
            "shape": "cube",
            "block_action": {
                "type": "origins:offset",
                "action": {
                    "type": "origins:bonemeal",
                    "effects": true
                },
                "y": 1
            }
        }	
	},
    "interval": 60,
    "condition": {
        "type": "origins:or",
        "conditions": [
            {
                "type": "origins:on_block",
                "block_condition": {
                    "type": "origins:or",
                    "conditions": [
                        {
                            "type": "origins:block",
                            "block": "minecraft:farmland"
                        },
                        {
                            "type": "origins:in_tag",
                            "tag": "minecraft:crops"
                        }
                    ]
                }
            },
            {    
                "type": "origins:in_block",
                "block_condition": {
                    "type": "origins:in_tag",
                    "tag": "minecraft:crops"
                }
            }
        ]
    }
}