{
  "minecraft:recipes/decorations/crafting_table": {
    "criteria": {
      "unlock_right_away": "2024-05-27 00:32:12 +0000"
    },
    "done": true
  },
  "beautify:progression/root": {
    "criteria": {
      "Install": "2024-05-27 00:32:12 +0000"
    },
    "done": true
  },
  "nmr:progression/root": {
    "criteria": {
      "requirement": "2024-05-27 00:32:12 +0000"
    },
    "done": true
  },
  "minecraft:adventure/adventuring_time": {
    "criteria": {
      "minecraft:mushroom_fields": "2024-05-27 09:51:16 +0000",
      "minecraft:river": "2024-05-27 00:47:49 +0000",
      "minecraft:lush_caves": "2024-05-27 00:49:19 +0000"
    },
    "done": false
  },
  "biomesoplenty:recipes/transportation/willow_boat": {
    "criteria": {
      "in_water": "2024-05-27 00:47:51 +0000"
    },
    "done": true
  },
  "biomesoplenty:recipes/transportation/fir_boat": {
    "criteria": {
      "in_water": "2024-05-27 00:47:51 +0000"
    },
    "done": true
  },
  "minecraft:recipes/transportation/cherry_boat": {
    "criteria": {
      "in_water": "2024-05-27 00:47:51 +0000"
    },
    "done": true
  },
  "biomesoplenty:recipes/transportation/umbran_boat": {
    "criteria": {
      "in_water": "2024-05-27 00:47:51 +0000"
    },
    "done": true
  },
  "minecraft:recipes/transportation/bamboo_raft": {
    "criteria": {
      "in_water": "2024-05-27 00:47:51 +0000"
    },
    "done": true
  },
  "biomesoplenty:recipes/transportation/maple_boat": {
    "criteria": {
      "in_water": "2024-05-27 00:47:51 +0000"
    },
    "done": true
  },
  "biomesoplenty:recipes/transportation/dead_boat": {
    "criteria": {
      "in_water": "2024-05-27 00:47:51 +0000"
    },
    "done": true
  },
  "minecraft:recipes/transportation/spruce_boat": {
    "criteria": {
      "in_water": "2024-05-27 00:47:51 +0000"
    },
    "done": true
  },
  "biomesoplenty:recipes/transportation/magic_boat": {
    "criteria": {
      "in_water": "2024-05-27 00:47:51 +0000"
    },
    "done": true
  },
  "minecraft:recipes/transportation/birch_boat": {
    "criteria": {
      "in_water": "2024-05-27 00:47:51 +0000"
    },
    "done": true
  },
  "minecraft:recipes/transportation/oak_boat": {
    "criteria": {
      "in_water": "2024-05-27 00:47:51 +0000"
    },
    "done": true
  },
  "biomesoplenty:recipes/transportation/redwood_boat": {
    "criteria": {
      "in_water": "2024-05-27 00:47:51 +0000"
    },
    "done": true
  },
  "minecraft:recipes/transportation/mangrove_boat": {
    "criteria": {
      "in_water": "2024-05-27 00:47:51 +0000"
    },
    "done": true
  },
  "biomesoplenty:recipes/transportation/hellbark_boat": {
    "criteria": {
      "in_water": "2024-05-27 00:47:51 +0000"
    },
    "done": true
  },
  "biomesoplenty:recipes/transportation/jacaranda_boat": {
    "criteria": {
      "in_water": "2024-05-27 00:47:51 +0000"
    },
    "done": true
  },
  "biomesoplenty:recipes/transportation/mahogany_boat": {
    "criteria": {
      "in_water": "2024-05-27 00:47:51 +0000"
    },
    "done": true
  },
  "biomesoplenty:recipes/transportation/palm_boat": {
    "criteria": {
      "in_water": "2024-05-27 00:47:51 +0000"
    },
    "done": true
  },
  "biomesoplenty:recipes/transportation/empyreal_boat": {
    "criteria": {
      "in_water": "2024-05-27 00:47:51 +0000"
    },
    "done": true
  },
  "biomesoplenty:recipes/transportation/pine_boat": {
    "criteria": {
      "in_water": "2024-05-27 00:47:51 +0000"
    },
    "done": true
  },
  "minecraft:recipes/transportation/acacia_boat": {
    "criteria": {
      "in_water": "2024-05-27 00:47:51 +0000"
    },
    "done": true
  },
  "minecraft:recipes/transportation/jungle_boat": {
    "criteria": {
      "in_water": "2024-05-27 00:47:51 +0000"
    },
    "done": true
  },
  "minecraft:recipes/transportation/dark_oak_boat": {
    "criteria": {
      "in_water": "2024-05-27 00:47:51 +0000"
    },
    "done": true
  },
  "minecraft:adventure/root": {
    "criteria": {
      "killed_by_something": "2024-05-27 00:47:57 +0000"
    },
    "done": true
  },
  "nemos-carpentry:recipes/tools/stone_saw": {
    "criteria": {
      "has_cobblestone": "2024-05-27 00:48:31 +0000"
    },
    "done": true
  },
  "nemos-carpentry:recipes/decorations/carpenters_workbench": {
    "criteria": {
      "has_planks": "2024-05-27 00:48:31 +0000"
    },
    "done": true
  },
  "niftycarts:recipes/supply_cart": {
    "criteria": {
      "has_wheel": "2024-05-27 00:48:31 +0000"
    },
    "done": true
  },
  "niftycarts:recipes/plow": {
    "criteria": {
      "has_wheel": "2024-05-27 00:48:31 +0000"
    },
    "done": true
  },
  "niftycarts:recipes/wheel": {
    "criteria": {
      "has_planks": "2024-05-27 00:48:31 +0000"
    },
    "done": true
  },
  "niftycarts:recipes/animal_cart": {
    "criteria": {
      "has_wheel": "2024-05-27 00:48:31 +0000"
    },
    "done": true
  },
  "minecraft:husbandry/root": {
    "criteria": {
      "consumed_item": "2024-05-27 00:53:16 +0000"
    },
    "done": true
  },
  "minecraft:husbandry/balanced_diet": {
    "criteria": {
      "cooked_porkchop": "2024-05-29 07:44:33 +0000",
      "apple": "2024-05-27 02:04:14 +0000",
      "bread": "2024-05-27 01:11:40 +0000",
      "cooked_rabbit": "2024-05-27 09:30:40 +0000",
      "rotten_flesh": "2024-05-30 08:18:57 +0000",
      "glow_berries": "2024-05-27 00:53:16 +0000",
      "cooked_beef": "2024-05-30 07:13:05 +0000"
    },
    "done": false
  },
  "minecraft:recipes/misc/red_dye_from_tulip": {
    "criteria": {
      "has_red_flower": "2024-05-27 01:07:10 +0000"
    },
    "done": true
  },
  "minecraft:recipes/redstone/lever": {
    "criteria": {
      "has_cobblestone": "2024-05-27 01:09:57 +0000"
    },
    "done": true
  },
  "minecraft:recipes/combat/stone_sword": {
    "criteria": {
      "has_cobblestone": "2024-05-27 01:09:57 +0000"
    },
    "done": true
  },
  "minecraft:recipes/decorations/cobblestone_wall": {
    "criteria": {
      "has_cobblestone": "2024-05-27 01:09:57 +0000"
    },
    "done": true
  },
  "minecraft:recipes/tools/stone_axe": {
    "criteria": {
      "has_cobblestone": "2024-05-27 01:09:57 +0000"
    },
    "done": true
  },
  "minecraft:story/mine_stone": {
    "criteria": {
      "get_stone": "2024-05-27 01:09:57 +0000"
    },
    "done": true
  },
  "minecraft:recipes/decorations/furnace": {
    "criteria": {
      "has_cobblestone": "2024-05-27 01:09:57 +0000"
    },
    "done": true
  },
  "minecraft:recipes/building_blocks/cobblestone_slab_from_cobblestone_stonecutting": {
    "criteria": {
      "has_cobblestone": "2024-05-27 01:09:57 +0000"
    },
    "done": true
  },
  "minecraft:recipes/building_blocks/stone": {
    "criteria": {
      "has_cobblestone": "2024-05-27 01:09:57 +0000"
    },
    "done": true
  },
  "minecraft:recipes/tools/stone_pickaxe": {
    "criteria": {
      "has_cobblestone": "2024-05-27 01:09:57 +0000"
    },
    "done": true
  },
  "minecraft:recipes/building_blocks/cobblestone_slab": {
    "criteria": {
      "has_cobblestone": "2024-05-27 01:09:57 +0000"
    },
    "done": true
  },
  "minecraft:recipes/decorations/cobblestone_wall_from_cobblestone_stonecutting": {
    "criteria": {
      "has_cobblestone": "2024-05-27 01:09:57 +0000"
    },
    "done": true
  },
  "minecraft:recipes/building_blocks/cobblestone_stairs_from_cobblestone_stonecutting": {
    "criteria": {
      "has_cobblestone": "2024-05-27 01:09:57 +0000"
    },
    "done": true
  },
  "minecraft:recipes/building_blocks/cobblestone_stairs": {
    "criteria": {
      "has_cobblestone": "2024-05-27 01:09:57 +0000"
    },
    "done": true
  },
  "minecraft:recipes/tools/stone_hoe": {
    "criteria": {
      "has_cobblestone": "2024-05-27 01:09:57 +0000"
    },
    "done": true
  },
  "minecraft:recipes/tools/stone_shovel": {
    "criteria": {
      "has_cobblestone": "2024-05-27 01:09:57 +0000"
    },
    "done": true
  },
  "minecraft:recipes/misc/bone_meal": {
    "criteria": {
      "has_bone": "2024-05-27 01:10:45 +0000"
    },
    "done": true
  },
  "minecraft:recipes/misc/iron_nugget_from_smelting": {
    "criteria": {
      "has_iron_sword": "2024-05-27 01:10:50 +0000"
    },
    "done": true
  },
  "minecraft:recipes/misc/iron_nugget_from_blasting": {
    "criteria": {
      "has_iron_sword": "2024-05-27 01:10:50 +0000"
    },
    "done": true
  },
  "minecraft:recipes/food/bread": {
    "criteria": {
      "has_wheat": "2024-05-27 01:11:11 +0000"
    },
    "done": true
  },
  "minecraft:recipes/building_blocks/hay_block": {
    "criteria": {
      "has_wheat": "2024-05-27 01:11:11 +0000"
    },
    "done": true
  },
  "minecraft:recipes/food/mushroom_stew": {
    "criteria": {
      "has_bowl": "2024-05-27 01:11:13 +0000"
    },
    "done": true
  },
  "minecraft:recipes/decorations/chest": {
    "criteria": {
      "has_lots_of_items": "2024-05-27 01:11:14 +0000"
    },
    "done": true
  },
  "minecraft:recipes/misc/bowl": {
    "criteria": {
      "has_red_mushroom": "2024-05-27 01:11:18 +0000"
    },
    "done": true
  },
  "minecraft:recipes/combat/iron_leggings": {
    "criteria": {
      "has_iron_ingot": "2024-05-27 01:11:55 +0000"
    },
    "done": true
  },
  "polydecorations:recipes/decorations/soul_brazier": {
    "criteria": {
      "planks": "2024-05-27 01:11:55 +0000"
    },
    "done": true
  },
  "minecraft:recipes/combat/iron_chestplate": {
    "criteria": {
      "has_iron_ingot": "2024-05-27 01:11:55 +0000"
    },
    "done": true
  },
  "minecraft:recipes/misc/iron_nugget": {
    "criteria": {
      "has_iron_ingot": "2024-05-27 01:11:55 +0000"
    },
    "done": true
  },
  "minecraft:recipes/misc/bucket": {
    "criteria": {
      "has_iron_ingot": "2024-05-27 01:11:55 +0000"
    },
    "done": true
  },
  "minecraft:recipes/combat/iron_helmet": {
    "criteria": {
      "has_iron_ingot": "2024-05-27 01:11:55 +0000"
    },
    "done": true
  },
  "minecraft:recipes/transportation/minecart": {
    "criteria": {
      "has_iron_ingot": "2024-05-27 01:11:55 +0000"
    },
    "done": true
  },
  "minecraft:recipes/tools/iron_hoe": {
    "criteria": {
      "has_iron_ingot": "2024-05-27 01:11:55 +0000"
    },
    "done": true
  },
  "minecraft:story/smelt_iron": {
    "criteria": {
      "iron": "2024-05-27 01:11:55 +0000"
    },
    "done": true
  },
  "minecraft:recipes/tools/shears": {
    "criteria": {
      "has_iron_ingot": "2024-05-27 01:11:55 +0000"
    },
    "done": true
  },
  "nemos-carpentry:recipes/tools/iron_saw": {
    "criteria": {
      "has_iron_ingot": "2024-05-27 01:11:55 +0000"
    },
    "done": true
  },
  "minecraft:recipes/decorations/chain": {
    "criteria": {
      "has_iron_ingot": "2024-05-27 01:11:55 +0000"
    },
    "done": true
  },
  "minecraft:recipes/building_blocks/iron_block": {
    "criteria": {
      "has_iron_ingot": "2024-05-27 01:11:55 +0000"
    },
    "done": true
  },
  "beautify:iron_blinds": {
    "criteria": {
      "requirement": "2024-05-27 01:11:55 +0000"
    },
    "done": true
  },
  "minecraft:recipes/decorations/smithing_table": {
    "criteria": {
      "has_iron_ingot": "2024-05-27 01:11:55 +0000"
    },
    "done": true
  },
  "minecraft:recipes/combat/iron_sword": {
    "criteria": {
      "has_iron_ingot": "2024-05-27 01:11:55 +0000"
    },
    "done": true
  },
  "minecraft:recipes/tools/iron_pickaxe": {
    "criteria": {
      "has_iron_ingot": "2024-05-27 01:11:55 +0000"
    },
    "done": true
  },
  "minecraft:recipes/combat/shield": {
    "criteria": {
      "has_iron_ingot": "2024-05-27 01:11:55 +0000"
    },
    "done": true
  },
  "minecraft:recipes/redstone/hopper": {
    "criteria": {
      "has_iron_ingot": "2024-05-27 01:11:55 +0000"
    },
    "done": true
  },
  "minecraft:recipes/decorations/iron_bars": {
    "criteria": {
      "has_iron_ingot": "2024-05-27 01:11:55 +0000"
    },
    "done": true
  },
  "minecraft:recipes/combat/iron_boots": {
    "criteria": {
      "has_iron_ingot": "2024-05-27 01:11:55 +0000"
    },
    "done": true
  },
  "minecraft:recipes/decorations/lantern": {
    "criteria": {
      "has_iron_ingot": "2024-05-27 01:11:55 +0000"
    },
    "done": true
  },
  "minecraft:recipes/tools/iron_shovel": {
    "criteria": {
      "has_iron_ingot": "2024-05-27 01:11:55 +0000"
    },
    "done": true
  },
  "polydecorations:recipes/decorations/brazier": {
    "criteria": {
      "planks": "2024-05-27 01:11:55 +0000"
    },
    "done": true
  },
  "minecraft:recipes/redstone/iron_trapdoor": {
    "criteria": {
      "has_iron_ingot": "2024-05-27 01:11:55 +0000"
    },
    "done": true
  },
  "minecraft:recipes/tools/iron_axe": {
    "criteria": {
      "has_iron_ingot": "2024-05-27 01:11:55 +0000"
    },
    "done": true
  },
  "minecraft:recipes/combat/crossbow": {
    "criteria": {
      "has_iron_ingot": "2024-05-27 01:11:55 +0000"
    },
    "done": true
  },
  "polydecorations:recipes/decorations/globe": {
    "criteria": {
      "planks": "2024-05-27 01:11:55 +0000"
    },
    "done": true
  },
  "minecraft:recipes/redstone/iron_door": {
    "criteria": {
      "has_iron_ingot": "2024-05-27 01:11:55 +0000"
    },
    "done": true
  },
  "minecraft:recipes/redstone/heavy_weighted_pressure_plate": {
    "criteria": {
      "has_iron_ingot": "2024-05-27 01:11:55 +0000"
    },
    "done": true
  },
  "minecraft:recipes/decorations/fletching_table": {
    "criteria": {
      "has_flint": "2024-05-27 01:11:56 +0000"
    },
    "done": true
  },
  "minecraft:recipes/combat/arrow": {
    "criteria": {
      "has_flint": "2024-05-27 01:11:56 +0000"
    },
    "done": true
  },
  "minecraft:recipes/tools/flint_and_steel": {
    "criteria": {
      "has_flint": "2024-05-27 01:11:56 +0000"
    },
    "done": true
  },
  "minecraft:recipes/building_blocks/bricks": {
    "criteria": {
      "has_brick": "2024-05-27 01:12:48 +0000"
    },
    "done": true
  },
  "minecraft:recipes/decorations/decorated_pot_simple": {
    "criteria": {
      "has_brick": "2024-05-27 01:12:48 +0000"
    },
    "done": true
  },
  "polydecorations:recipes/decorations/large_flower_pot": {
    "criteria": {
      "planks": "2024-05-27 01:12:48 +0000"
    },
    "done": true
  },
  "polydecorations:recipes/decorations/ghost_light": {
    "criteria": {
      "planks": "2024-05-27 01:12:48 +0000"
    },
    "done": true
  },
  "minecraft:recipes/decorations/flower_pot": {
    "criteria": {
      "has_brick": "2024-05-27 01:12:48 +0000"
    },
    "done": true
  },
  "minecraft:recipes/building_blocks/emerald_block": {
    "criteria": {
      "has_emerald": "2024-05-27 01:12:54 +0000"
    },
    "done": true
  },
  "minecraft:recipes/redstone/dispenser": {
    "criteria": {
      "has_bow": "2024-05-27 01:14:07 +0000"
    },
    "done": true
  },
  "minecraft:recipes/decorations/ladder": {
    "criteria": {
      "has_stick": "2024-05-27 01:14:16 +0000"
    },
    "done": true
  },
  "gobber2:recipes/misc/gobber2_hoe": {
    "criteria": {
      "has_stick": "2024-05-27 01:14:16 +0000"
    },
    "done": true
  },
  "gobber2:recipes/combat/gobber2_chestplate": {
    "criteria": {
      "has_stick": "2024-05-27 01:14:16 +0000"
    },
    "done": true
  },
  "more_gems:recipes/combat/corundum_sword": {
    "criteria": {
      "has_stick": "2024-05-27 01:14:16 +0000"
    },
    "done": true
  },
  "more_gems:recipes/misc/alexandrite_hammer": {
    "criteria": {
      "has_stick": "2024-05-27 01:14:16 +0000"
    },
    "done": true
  },
  "more_gems:recipes/combat/spinel_sword": {
    "criteria": {
      "has_stick": "2024-05-27 01:14:16 +0000"
    },
    "done": true
  },
  "more_gems:recipes/misc/kunzite_pickaxe": {
    "criteria": {
      "has_stick": "2024-05-27 01:14:16 +0000"
    },
    "done": true
  },
  "gobber2:recipes/misc/gobber2_hammer": {
    "criteria": {
      "has_stick": "2024-05-27 01:14:16 +0000"
    },
    "done": true
  },
  "gobber2:recipes/combat/gobber2_leggings_end": {
    "criteria": {
      "has_stick": "2024-05-27 01:14:16 +0000"
    },
    "done": true
  },
  "more_gems:recipes/misc/citrine_shovel": {
    "criteria": {
      "has_stick": "2024-05-27 01:14:16 +0000"
    },
    "done": true
  },
  "gobber2:recipes/misc/gobber2_pickaxe_nether": {
    "criteria": {
      "has_stick": "2024-05-27 01:14:16 +0000"
    },
    "done": true
  },
  "more_gems:recipes/combat/corundum_arrow": {
    "criteria": {
      "has_stick": "2024-05-27 01:14:16 +0000"
    },
    "done": true
  },
  "more_gems:recipes/misc/corundum_shovel": {
    "criteria": {
      "has_stick": "2024-05-27 01:14:16 +0000"
    },
    "done": true
  },
  "more_gems:recipes/misc/topaz_shovel": {
    "criteria": {
      "has_stick": "2024-05-27 01:14:16 +0000"
    },
    "done": true
  },
  "more_gems:recipes/misc/citrine_excavator": {
    "criteria": {
      "has_stick": "2024-05-27 01:14:16 +0000"
    },
    "done": true
  },
  "more_gems:recipes/misc/spinel_excavator": {
    "criteria": {
      "has_stick": "2024-05-27 01:14:16 +0000"
    },
    "done": true
  },
  "gobber2:recipes/combat/gobber2_sword": {
    "criteria": {
      "has_stick": "2024-05-27 01:14:16 +0000"
    },
    "done": true
  },
  "more_gems:recipes/misc/carbonado_shovel": {
    "criteria": {
      "has_stick": "2024-05-27 01:14:16 +0000"
    },
    "done": true
  },
  "nemos-carpentry:recipes/decorations/jungle_campfire": {
    "criteria": {
      "has_stick": "2024-05-27 01:14:16 +0000"
    },
    "done": true
  },
  "more_gems:recipes/misc/tourmaline_excavator": {
    "criteria": {
      "has_stick": "2024-05-27 01:14:16 +0000"
    },
    "done": true
  },
  "more_gems:recipes/misc/sapphire_hammer": {
    "criteria": {
      "has_stick": "2024-05-27 01:14:16 +0000"
    },
    "done": true
  },
  "more_gems:recipes/misc/carbonado_excavator": {
    "criteria": {
      "has_stick": "2024-05-27 01:14:16 +0000"
    },
    "done": true
  },
  "more_gems:recipes/misc/moissanite_hoe": {
    "criteria": {
      "has_stick": "2024-05-27 01:14:16 +0000"
    },
    "done": true
  },
  "more_gems:recipes/combat/sapphire_sword": {
    "criteria": {
      "has_stick": "2024-05-27 01:14:16 +0000"
    },
    "done": true
  },
  "more_gems:recipes/misc/kunzite_hammer": {
    "criteria": {
      "has_stick": "2024-05-27 01:14:16 +0000"
    },
    "done": true
  },
  "nemos-carpentry:recipes/decorations/mangrove_campfire": {
    "criteria": {
      "has_stick": "2024-05-27 01:14:16 +0000"
    },
    "done": true
  },
  "more_gems:recipes/combat/topaz_sword": {
    "criteria": {
      "has_stick": "2024-05-27 01:14:16 +0000"
    },
    "done": true
  },
  "minecraft:recipes/tools/wooden_axe": {
    "criteria": {
      "has_stick": "2024-05-27 01:14:16 +0000"
    },
    "done": true
  },
  "more_gems:recipes/misc/corundum_axe": {
    "criteria": {
      "has_stick": "2024-05-27 01:14:16 +0000"
    },
    "done": true
  },
  "more_gems:recipes/misc/spinel_hoe": {
    "criteria": {
      "has_stick": "2024-05-27 01:14:16 +0000"
    },
    "done": true
  },
  "nemos-carpentry:recipes/decorations/crimson_campfire": {
    "criteria": {
      "has_stick": "2024-05-27 01:14:16 +0000"
    },
    "done": true
  },
  "more_gems:recipes/combat/alexandrite_sword": {
    "criteria": {
      "has_stick": "2024-05-27 01:14:16 +0000"
    },
    "done": true
  },
  "more_gems:recipes/misc/alexandrite_hoe": {
    "criteria": {
      "has_stick": "2024-05-27 01:14:16 +0000"
    },
    "done": true
  },
  "more_gems:recipes/misc/tourmaline_hammer": {
    "criteria": {
      "has_stick": "2024-05-27 01:14:16 +0000"
    },
    "done": true
  },
  "gobber2:recipes/misc/gobber2_medallion_nether": {
    "criteria": {
      "has_stick": "2024-05-27 01:14:16 +0000"
    },
    "done": true
  },
  "nemos-carpentry:recipes/decorations/spruce_campfire": {
    "criteria": {
      "has_stick": "2024-05-27 01:14:16 +0000"
    },
    "done": true
  },
  "more_gems:recipes/misc/kunzite_shovel": {
    "criteria": {
      "has_stick": "2024-05-27 01:14:16 +0000"
    },
    "done": true
  },
  "more_gems:recipes/combat/kunzite_sword": {
    "criteria": {
      "has_stick": "2024-05-27 01:14:16 +0000"
    },
    "done": true
  },
  "more_gems:recipes/misc/carbonado_axe": {
    "criteria": {
      "has_stick": "2024-05-27 01:14:16 +0000"
    },
    "done": true
  },
  "more_gems:recipes/misc/moissanite_excavator": {
    "criteria": {
      "has_stick": "2024-05-27 01:14:16 +0000"
    },
    "done": true
  },
  "gobber2:recipes/misc/gobber2_shovel_nether": {
    "criteria": {
      "has_stick": "2024-05-27 01:14:16 +0000"
    },
    "done": true
  },
  "gobber2:recipes/misc/gobber2_hoe_nether": {
    "criteria": {
      "has_stick": "2024-05-27 01:14:16 +0000"
    },
    "done": true
  },
  "more_gems:recipes/misc/kunzite_hoe": {
    "criteria": {
      "has_stick": "2024-05-27 01:14:16 +0000"
    },
    "done": true
  },
  "more_gems:recipes/misc/tourmaline_shovel": {
    "criteria": {
      "has_stick": "2024-05-27 01:14:16 +0000"
    },
    "done": true
  },
  "gobber2:recipes/combat/gobber2_chestplate_nether": {
    "criteria": {
      "has_stick": "2024-05-27 01:14:16 +0000"
    },
    "done": true
  },
  "gobber2:recipes/misc/gobber2_tree_axe_nether": {
    "criteria": {
      "has_stick": "2024-05-27 01:14:16 +0000"
    },
    "done": true
  },
  "nemos-carpentry:recipes/decorations/acacia_campfire": {
    "criteria": {
      "has_stick": "2024-05-27 01:14:16 +0000"
    },
    "done": true
  },
  "more_gems:recipes/combat/carbonado_paxel": {
    "criteria": {
      "has_stick": "2024-05-27 01:14:16 +0000"
    },
    "done": true
  },
  "gobber2:recipes/misc/gobber2_paxel": {
    "criteria": {
      "has_stick": "2024-05-27 01:14:16 +0000"
    },
    "done": true
  },
  "gobber2:recipes/misc/gobber2_excavator": {
    "criteria": {
      "has_stick": "2024-05-27 01:14:16 +0000"
    },
    "done": true
  },
  "gobber2:recipes/combat/gobber2_boots": {
    "criteria": {
      "has_stick": "2024-05-27 01:14:16 +0000"
    },
    "done": true
  },
  "gobber2:recipes/combat/gobber2_chestplate_end": {
    "criteria": {
      "has_stick": "2024-05-27 01:14:16 +0000"
    },
    "done": true
  },
  "gobber2:recipes/misc/gobber2_ring": {
    "criteria": {
      "has_stick": "2024-05-27 01:14:16 +0000"
    },
    "done": true
  },
  "more_gems:recipes/misc/tourmaline_hoe": {
    "criteria": {
      "has_stick": "2024-05-27 01:14:16 +0000"
    },
    "done": true
  },
  "beautify:blinds": {
    "criteria": {
      "requirement": "2024-05-27 01:14:16 +0000"
    },
    "done": true
  },
  "more_gems:recipes/combat/moissanite_sword": {
    "criteria": {
      "has_stick": "2024-05-27 01:14:16 +0000"
    },
    "done": true
  },
  "more_gems:recipes/misc/topaz_hoe": {
    "criteria": {
      "has_stick": "2024-05-27 01:14:16 +0000"
    },
    "done": true
  },
  "gobber2:recipes/misc/gobber2_rod": {
    "criteria": {
      "has_stick": "2024-05-27 01:14:16 +0000"
    },
    "done": true
  },
  "more_gems:recipes/misc/citrine_hoe": {
    "criteria": {
      "has_stick": "2024-05-27 01:14:16 +0000"
    },
    "done": true
  },
  "more_gems:recipes/misc/sapphire_pickaxe": {
    "criteria": {
      "has_stick": "2024-05-27 01:14:16 +0000"
    },
    "done": true
  },
  "more_gems:recipes/combat/alexandrite_arrow": {
    "criteria": {
      "has_stick": "2024-05-27 01:14:16 +0000"
    },
    "done": true
  },
  "gobber2:recipes/misc/gobber2_axe": {
    "criteria": {
      "has_stick": "2024-05-27 01:14:16 +0000"
    },
    "done": true
  },
  "nemos-carpentry:recipes/decorations/warped_campfire": {
    "criteria": {
      "has_stick": "2024-05-27 01:14:16 +0000"
    },
    "done": true
  },
  "more_gems:recipes/misc/moissanite_shovel": {
    "criteria": {
      "has_stick": "2024-05-27 01:14:16 +0000"
    },
    "done": true
  },
  "more_gems:recipes/misc/carbonado_hammer": {
    "criteria": {
      "has_stick": "2024-05-27 01:14:16 +0000"
    },
    "done": true
  },
  "gobber2:recipes/misc/gobber2_hoe_end": {
    "criteria": {
      "has_stick": "2024-05-27 01:14:16 +0000"
    },
    "done": true
  },
  "gobber2:recipes/misc/gobber2_excavator_nether": {
    "criteria": {
      "has_stick": "2024-05-27 01:14:16 +0000"
    },
    "done": true
  },
  "more_gems:recipes/misc/tourmaline_pickaxe": {
    "criteria": {
      "has_stick": "2024-05-27 01:14:16 +0000"
    },
    "done": true
  },
  "more_gems:recipes/misc/alexandrite_excavator": {
    "criteria": {
      "has_stick": "2024-05-27 01:14:16 +0000"
    },
    "done": true
  },
  "more_gems:recipes/combat/spinel_arrow": {
    "criteria": {
      "has_stick": "2024-05-27 01:14:16 +0000"
    },
    "done": true
  },
  "gobber2:recipes/combat/gobber2_leggings_nether": {
    "criteria": {
      "has_stick": "2024-05-27 01:14:16 +0000"
    },
    "done": true
  },
  "gobber2:recipes/misc/gobber2_rod_nether": {
    "criteria": {
      "has_stick": "2024-05-27 01:14:16 +0000"
    },
    "done": true
  },
  "more_gems:recipes/misc/topaz_pickaxe": {
    "criteria": {
      "has_stick": "2024-05-27 01:14:16 +0000"
    },
    "done": true
  },
  "more_gems:recipes/misc/moissanite_hammer": {
    "criteria": {
      "has_stick": "2024-05-27 01:14:16 +0000"
    },
    "done": true
  },
  "gobber2:recipes/combat/gobber2_boots_end": {
    "criteria": {
      "has_stick": "2024-05-27 01:14:16 +0000"
    },
    "done": true
  },
  "more_gems:recipes/misc/sapphire_excavator": {
    "criteria": {
      "has_stick": "2024-05-27 01:14:16 +0000"
    },
    "done": true
  },
  "more_gems:recipes/misc/citrine_axe": {
    "criteria": {
      "has_stick": "2024-05-27 01:14:16 +0000"
    },
    "done": true
  },
  "more_gems:recipes/misc/sapphire_axe": {
    "criteria": {
      "has_stick": "2024-05-27 01:14:16 +0000"
    },
    "done": true
  },
  "nemos-carpentry:recipes/decorations/cherry_campfire": {
    "criteria": {
      "has_stick": "2024-05-27 01:14:16 +0000"
    },
    "done": true
  },
  "gobber2:recipes/misc/gobber2_ring_nether": {
    "criteria": {
      "has_stick": "2024-05-27 01:14:16 +0000"
    },
    "done": true
  },
  "more_gems:recipes/combat/carbonado_arrow": {
    "criteria": {
      "has_stick": "2024-05-27 01:14:16 +0000"
    },
    "done": true
  },
  "more_gems:recipes/combat/alexandrite_paxel": {
    "criteria": {
      "has_stick": "2024-05-27 01:14:16 +0000"
    },
    "done": true
  },
  "gobber2:recipes/misc/gobber2_shovel": {
    "criteria": {
      "has_stick": "2024-05-27 01:14:16 +0000"
    },
    "done": true
  },
  "gobber2:recipes/combat/gobber2_helmet_end": {
    "criteria": {
      "has_stick": "2024-05-27 01:14:16 +0000"
    },
    "done": true
  },
  "more_gems:recipes/combat/topaz_paxel": {
    "criteria": {
      "has_stick": "2024-05-27 01:14:16 +0000"
    },
    "done": true
  },
  "more_gems:recipes/misc/spinel_axe": {
    "criteria": {
      "has_stick": "2024-05-27 01:14:16 +0000"
    },
    "done": true
  },
  "gobber2:recipes/combat/gobber2_sword_end": {
    "criteria": {
      "has_stick": "2024-05-27 01:14:16 +0000"
    },
    "done": true
  },
  "more_gems:recipes/misc/carbonado_pickaxe": {
    "criteria": {
      "has_stick": "2024-05-27 01:14:16 +0000"
    },
    "done": true
  },
  "more_gems:recipes/misc/topaz_excavator": {
    "criteria": {
      "has_stick": "2024-05-27 01:14:16 +0000"
    },
    "done": true
  },
  "more_gems:recipes/combat/citrine_arrow": {
    "criteria": {
      "has_stick": "2024-05-27 01:14:16 +0000"
    },
    "done": true
  },
  "gobber2:recipes/misc/gobber2_bow": {
    "criteria": {
      "has_stick": "2024-05-27 01:14:16 +0000"
    },
    "done": true
  },
  "nemos-carpentry:recipes/decorations/dark_oak_campfire": {
    "criteria": {
      "has_stick": "2024-05-27 01:14:16 +0000"
    },
    "done": true
  },
  "more_gems:recipes/misc/topaz_hammer": {
    "criteria": {
      "has_stick": "2024-05-27 01:14:16 +0000"
    },
    "done": true
  },
  "more_gems:recipes/combat/corundum_paxel": {
    "criteria": {
      "has_stick": "2024-05-27 01:14:16 +0000"
    },
    "done": true
  },
  "minecraft:recipes/decorations/campfire": {
    "criteria": {
      "has_stick": "2024-05-27 01:14:16 +0000"
    },
    "done": true
  },
  "more_gems:recipes/misc/alexandrite_shovel": {
    "criteria": {
      "has_stick": "2024-05-27 01:14:16 +0000"
    },
    "done": true
  },
  "more_gems:recipes/misc/corundum_hoe": {
    "criteria": {
      "has_stick": "2024-05-27 01:14:16 +0000"
    },
    "done": true
  },
  "minecraft:recipes/tools/wooden_hoe": {
    "criteria": {
      "has_stick": "2024-05-27 01:14:16 +0000"
    },
    "done": true
  },
  "gobber2:recipes/combat/gobber2_helmet": {
    "criteria": {
      "has_stick": "2024-05-27 01:14:16 +0000"
    },
    "done": true
  },
  "more_gems:recipes/combat/moissanite_arrow": {
    "criteria": {
      "has_stick": "2024-05-27 01:14:16 +0000"
    },
    "done": true
  },
  "minecraft:recipes/tools/wooden_pickaxe": {
    "criteria": {
      "has_stick": "2024-05-27 01:14:16 +0000"
    },
    "done": true
  },
  "more_gems:recipes/combat/citrine_sword": {
    "criteria": {
      "has_stick": "2024-05-27 01:14:16 +0000"
    },
    "done": true
  },
  "more_gems:recipes/combat/tourmaline_paxel": {
    "criteria": {
      "has_stick": "2024-05-27 01:14:16 +0000"
    },
    "done": true
  },
  "gobber2:recipes/misc/gobber2_pickaxe": {
    "criteria": {
      "has_stick": "2024-05-27 01:14:16 +0000"
    },
    "done": true
  },
  "more_gems:recipes/combat/kunzite_paxel": {
    "criteria": {
      "has_stick": "2024-05-27 01:14:16 +0000"
    },
    "done": true
  },
  "more_gems:recipes/misc/carbonado_hoe": {
    "criteria": {
      "has_stick": "2024-05-27 01:14:16 +0000"
    },
    "done": true
  },
  "gobber2:recipes/misc/gobber2_axe_end": {
    "criteria": {
      "has_stick": "2024-05-27 01:14:16 +0000"
    },
    "done": true
  },
  "nemos-carpentry:recipes/decorations/birch_campfire": {
    "criteria": {
      "has_stick": "2024-05-27 01:14:16 +0000"
    },
    "done": true
  },
  "more_gems:recipes/misc/sapphire_shovel": {
    "criteria": {
      "has_stick": "2024-05-27 01:14:16 +0000"
    },
    "done": true
  },
  "gobber2:recipes/misc/gobber2_bow_nether": {
    "criteria": {
      "has_stick": "2024-05-27 01:14:16 +0000"
    },
    "done": true
  },
  "more_gems:recipes/misc/moissanite_axe": {
    "criteria": {
      "has_stick": "2024-05-27 01:14:16 +0000"
    },
    "done": true
  },
  "more_gems:recipes/misc/moissanite_pickaxe": {
    "criteria": {
      "has_stick": "2024-05-27 01:14:16 +0000"
    },
    "done": true
  },
  "more_gems:recipes/combat/spinel_paxel": {
    "criteria": {
      "has_stick": "2024-05-27 01:14:16 +0000"
    },
    "done": true
  },
  "gobber2:recipes/misc/gobber2_medallion_end": {
    "criteria": {
      "has_stick": "2024-05-27 01:14:16 +0000"
    },
    "done": true
  },
  "more_gems:recipes/combat/tourmaline_arrow": {
    "criteria": {
      "has_stick": "2024-05-27 01:14:16 +0000"
    },
    "done": true
  },
  "more_gems:recipes/misc/spinel_shovel": {
    "criteria": {
      "has_stick": "2024-05-27 01:14:16 +0000"
    },
    "done": true
  },
  "minecraft:recipes/tools/wooden_shovel": {
    "criteria": {
      "has_stick": "2024-05-27 01:14:16 +0000"
    },
    "done": true
  },
  "gobber2:recipes/misc/gobber2_paxel_end": {
    "criteria": {
      "has_stick": "2024-05-27 01:14:16 +0000"
    },
    "done": true
  },
  "more_gems:recipes/misc/corundum_hammer": {
    "criteria": {
      "has_stick": "2024-05-27 01:14:16 +0000"
    },
    "done": true
  },
  "gobber2:recipes/misc/gobber2_tree_axe_end": {
    "criteria": {
      "has_stick": "2024-05-27 01:14:16 +0000"
    },
    "done": true
  },
  "more_gems:recipes/misc/alexandrite_axe": {
    "criteria": {
      "has_stick": "2024-05-27 01:14:16 +0000"
    },
    "done": true
  },
  "more_gems:recipes/combat/sapphire_paxel": {
    "criteria": {
      "has_stick": "2024-05-27 01:14:16 +0000"
    },
    "done": true
  },
  "more_gems:recipes/misc/corundum_excavator": {
    "criteria": {
      "has_stick": "2024-05-27 01:14:16 +0000"
    },
    "done": true
  },
  "more_gems:recipes/misc/kunzite_excavator": {
    "criteria": {
      "has_stick": "2024-05-27 01:14:16 +0000"
    },
    "done": true
  },
  "more_gems:recipes/misc/spinel_pickaxe": {
    "criteria": {
      "has_stick": "2024-05-27 01:14:16 +0000"
    },
    "done": true
  },
  "nemos-carpentry:recipes/tools/wooden_saw": {
    "criteria": {
      "has_stick": "2024-05-27 01:14:16 +0000"
    },
    "done": true
  },
  "gobber2:recipes/combat/gobber2_helmet_nether": {
    "criteria": {
      "has_stick": "2024-05-27 01:14:16 +0000"
    },
    "done": true
  },
  "gobber2:recipes/combat/gobber2_sword_nether": {
    "criteria": {
      "has_stick": "2024-05-27 01:14:16 +0000"
    },
    "done": true
  },
  "more_gems:recipes/combat/tourmaline_sword": {
    "criteria": {
      "has_stick": "2024-05-27 01:14:16 +0000"
    },
    "done": true
  },
  "gobber2:recipes/misc/gobber2_pickaxe_end": {
    "criteria": {
      "has_stick": "2024-05-27 01:14:16 +0000"
    },
    "done": true
  },
  "gobber2:recipes/misc/gobber2_medallion": {
    "criteria": {
      "has_stick": "2024-05-27 01:14:16 +0000"
    },
    "done": true
  },
  "minecraft:recipes/combat/wooden_sword": {
    "criteria": {
      "has_stick": "2024-05-27 01:14:16 +0000"
    },
    "done": true
  },
  "more_gems:recipes/misc/kunzite_axe": {
    "criteria": {
      "has_stick": "2024-05-27 01:14:16 +0000"
    },
    "done": true
  },
  "more_gems:recipes/misc/corundum_pickaxe": {
    "criteria": {
      "has_stick": "2024-05-27 01:14:16 +0000"
    },
    "done": true
  },
  "gobber2:recipes/combat/gobber2_leggings": {
    "criteria": {
      "has_stick": "2024-05-27 01:14:16 +0000"
    },
    "done": true
  },
  "more_gems:recipes/combat/citrine_paxel": {
    "criteria": {
      "has_stick": "2024-05-27 01:14:16 +0000"
    },
    "done": true
  },
  "gobber2:recipes/misc/gobber2_rod_end": {
    "criteria": {
      "has_stick": "2024-05-27 01:14:16 +0000"
    },
    "done": true
  },
  "gobber2:recipes/misc/gobber2_axe_nether": {
    "criteria": {
      "has_stick": "2024-05-27 01:14:16 +0000"
    },
    "done": true
  },
  "gobber2:recipes/misc/gobber2_ring_end": {
    "criteria": {
      "has_stick": "2024-05-27 01:14:16 +0000"
    },
    "done": true
  },
  "gobber2:recipes/combat/gobber2_boots_nether": {
    "criteria": {
      "has_stick": "2024-05-27 01:14:16 +0000"
    },
    "done": true
  },
  "more_gems:recipes/combat/topaz_arrow": {
    "criteria": {
      "has_stick": "2024-05-27 01:14:16 +0000"
    },
    "done": true
  },
  "more_gems:recipes/misc/alexandrite_pickaxe": {
    "criteria": {
      "has_stick": "2024-05-27 01:14:16 +0000"
    },
    "done": true
  },
  "gobber2:recipes/misc/gobber2_excavator_end": {
    "criteria": {
      "has_stick": "2024-05-27 01:14:16 +0000"
    },
    "done": true
  },
  "gobber2:recipes/misc/gobber2_tree_axe": {
    "criteria": {
      "has_stick": "2024-05-27 01:14:16 +0000"
    },
    "done": true
  },
  "beautify:trellis": {
    "criteria": {
      "requirement": "2024-05-27 01:14:16 +0000"
    },
    "done": true
  },
  "more_gems:recipes/combat/carbonado_sword": {
    "criteria": {
      "has_stick": "2024-05-27 01:14:16 +0000"
    },
    "done": true
  },
  "more_gems:recipes/misc/tourmaline_axe": {
    "criteria": {
      "has_stick": "2024-05-27 01:14:16 +0000"
    },
    "done": true
  },
  "more_gems:recipes/misc/citrine_hammer": {
    "criteria": {
      "has_stick": "2024-05-27 01:14:16 +0000"
    },
    "done": true
  },
  "more_gems:recipes/combat/kunzite_arrow": {
    "criteria": {
      "has_stick": "2024-05-27 01:14:16 +0000"
    },
    "done": true
  },
  "more_gems:recipes/misc/spinel_hammer": {
    "criteria": {
      "has_stick": "2024-05-27 01:14:16 +0000"
    },
    "done": true
  },
  "gobber2:recipes/misc/gobber2_hammer_nether": {
    "criteria": {
      "has_stick": "2024-05-27 01:14:16 +0000"
    },
    "done": true
  },
  "more_gems:recipes/misc/sapphire_hoe": {
    "criteria": {
      "has_stick": "2024-05-27 01:14:16 +0000"
    },
    "done": true
  },
  "more_gems:recipes/combat/moissanite_paxel": {
    "criteria": {
      "has_stick": "2024-05-27 01:14:16 +0000"
    },
    "done": true
  },
  "more_gems:recipes/misc/topaz_axe": {
    "criteria": {
      "has_stick": "2024-05-27 01:14:16 +0000"
    },
    "done": true
  },
  "gobber2:recipes/misc/gobber2_bow_end": {
    "criteria": {
      "has_stick": "2024-05-27 01:14:16 +0000"
    },
    "done": true
  },
  "more_gems:recipes/combat/sapphire_arrow": {
    "criteria": {
      "has_stick": "2024-05-27 01:14:16 +0000"
    },
    "done": true
  },
  "more_gems:recipes/misc/citrine_pickaxe": {
    "criteria": {
      "has_stick": "2024-05-27 01:14:16 +0000"
    },
    "done": true
  },
  "gobber2:recipes/misc/gobber2_hammer_end": {
    "criteria": {
      "has_stick": "2024-05-27 01:14:16 +0000"
    },
    "done": true
  },
  "gobber2:recipes/misc/gobber2_paxel_nether": {
    "criteria": {
      "has_stick": "2024-05-27 01:14:16 +0000"
    },
    "done": true
  },
  "gobber2:recipes/misc/gobber2_shovel_end": {
    "criteria": {
      "has_stick": "2024-05-27 01:14:16 +0000"
    },
    "done": true
  },
  "minecraft:recipes/decorations/stone_brick_wall": {
    "criteria": {
      "has_stone_bricks": "2024-05-27 01:16:49 +0000"
    },
    "done": true
  },
  "minecraft:recipes/building_blocks/cracked_stone_bricks": {
    "criteria": {
      "has_stone_bricks": "2024-05-27 01:16:49 +0000"
    },
    "done": true
  },
  "minecraft:recipes/building_blocks/stone_brick_stairs_from_stone_bricks_stonecutting": {
    "criteria": {
      "has_stone_bricks": "2024-05-27 01:16:49 +0000"
    },
    "done": true
  },
  "minecraft:recipes/building_blocks/stone_brick_stairs": {
    "criteria": {
      "has_stone_bricks": "2024-05-27 01:16:49 +0000"
    },
    "done": true
  },
  "minecraft:recipes/building_blocks/chiseled_stone_bricks": {
    "criteria": {
      "has_tag": "2024-05-27 01:16:49 +0000"
    },
    "done": true
  },
  "minecraft:recipes/decorations/stone_brick_wall_from_stone_bricks_stonecutting": {
    "criteria": {
      "has_stone_bricks": "2024-05-27 01:16:49 +0000"
    },
    "done": true
  },
  "minecraft:recipes/building_blocks/stone_brick_slab_from_stone_bricks_stonecutting": {
    "criteria": {
      "has_stone_bricks": "2024-05-27 01:16:49 +0000"
    },
    "done": true
  },
  "minecraft:recipes/building_blocks/stone_brick_slab": {
    "criteria": {
      "has_stone_bricks": "2024-05-27 01:16:49 +0000"
    },
    "done": true
  },
  "minecraft:recipes/building_blocks/chiseled_stone_bricks_from_stone_bricks_stonecutting": {
    "criteria": {
      "has_stone_bricks": "2024-05-27 01:16:49 +0000"
    },
    "done": true
  },
  "minecraft:recipes/building_blocks/clay": {
    "criteria": {
      "has_clay_ball": "2024-05-27 01:19:28 +0000"
    },
    "done": true
  },
  "minecraft:recipes/misc/brick": {
    "criteria": {
      "has_clay_ball": "2024-05-27 01:19:28 +0000"
    },
    "done": true
  },
  "beautify:botanist_workbench": {
    "criteria": {
      "requirement": "2024-05-27 01:23:30 +0000"
    },
    "done": true
  },
  "minecraft:recipes/building_blocks/raw_iron_block": {
    "criteria": {
      "has_raw_iron": "2024-05-27 01:23:31 +0000"
    },
    "done": true
  },
  "minecraft:recipes/misc/iron_ingot_from_smelting_raw_iron": {
    "criteria": {
      "has_raw_iron": "2024-05-27 01:23:31 +0000"
    },
    "done": true
  },
  "minecraft:recipes/misc/iron_ingot_from_blasting_raw_iron": {
    "criteria": {
      "has_raw_iron": "2024-05-27 01:23:31 +0000"
    },
    "done": true
  },
  "minecraft:adventure/kill_all_mobs": {
    "criteria": {
      "minecraft:skeleton": "2024-05-30 07:21:28 +0000",
      "minecraft:witch": "2024-05-27 08:45:47 +0000",
      "minecraft:zombie": "2024-05-27 01:23:55 +0000",
      "minecraft:creeper": "2024-05-30 07:21:15 +0000",
      "minecraft:drowned": "2024-05-30 07:15:47 +0000",
      "minecraft:zombie_villager": "2024-05-27 08:35:13 +0000"
    },
    "done": false
  },
  "minecraft:adventure/kill_a_mob": {
    "criteria": {
      "minecraft:zombie": "2024-05-27 01:23:55 +0000"
    },
    "done": true
  },
  "minecraft:recipes/building_blocks/polished_deepslate": {
    "criteria": {
      "has_cobbled_deepslate": "2024-05-27 01:24:00 +0000"
    },
    "done": true
  },
  "minecraft:recipes/building_blocks/deepslate_tile_stairs_from_cobbled_deepslate_stonecutting": {
    "criteria": {
      "has_cobbled_deepslate": "2024-05-27 01:24:00 +0000"
    },
    "done": true
  },
  "minecraft:recipes/building_blocks/deepslate_brick_stairs_from_cobbled_deepslate_stonecutting": {
    "criteria": {
      "has_cobbled_deepslate": "2024-05-27 01:24:00 +0000"
    },
    "done": true
  },
  "minecraft:recipes/building_blocks/chiseled_deepslate_from_cobbled_deepslate_stonecutting": {
    "criteria": {
      "has_cobbled_deepslate": "2024-05-27 01:24:00 +0000"
    },
    "done": true
  },
  "minecraft:recipes/building_blocks/cobbled_deepslate_slab": {
    "criteria": {
      "has_cobbled_deepslate": "2024-05-27 01:24:00 +0000"
    },
    "done": true
  },
  "minecraft:recipes/decorations/cobbled_deepslate_wall_from_cobbled_deepslate_stonecutting": {
    "criteria": {
      "has_cobbled_deepslate": "2024-05-27 01:24:00 +0000"
    },
    "done": true
  },
  "minecraft:recipes/decorations/cobbled_deepslate_wall": {
    "criteria": {
      "has_cobbled_deepslate": "2024-05-27 01:24:00 +0000"
    },
    "done": true
  },
  "minecraft:recipes/decorations/polished_deepslate_wall_from_cobbled_deepslate_stonecutting": {
    "criteria": {
      "has_cobbled_deepslate": "2024-05-27 01:24:00 +0000"
    },
    "done": true
  },
  "minecraft:recipes/building_blocks/cobbled_deepslate_stairs_from_cobbled_deepslate_stonecutting": {
    "criteria": {
      "has_cobbled_deepslate": "2024-05-27 01:24:00 +0000"
    },
    "done": true
  },
  "minecraft:recipes/building_blocks/deepslate": {
    "criteria": {
      "has_cobbled_deepslate": "2024-05-27 01:24:00 +0000"
    },
    "done": true
  },
  "minecraft:recipes/building_blocks/polished_deepslate_stairs_from_cobbled_deepslate_stonecutting": {
    "criteria": {
      "has_cobbled_deepslate": "2024-05-27 01:24:00 +0000"
    },
    "done": true
  },
  "minecraft:recipes/decorations/deepslate_brick_wall_from_cobbled_deepslate_stonecutting": {
    "criteria": {
      "has_cobbled_deepslate": "2024-05-27 01:24:00 +0000"
    },
    "done": true
  },
  "minecraft:recipes/building_blocks/polished_deepslate_from_cobbled_deepslate_stonecutting": {
    "criteria": {
      "has_cobbled_deepslate": "2024-05-27 01:24:00 +0000"
    },
    "done": true
  },
  "minecraft:recipes/building_blocks/polished_deepslate_slab_from_cobbled_deepslate_stonecutting": {
    "criteria": {
      "has_cobbled_deepslate": "2024-05-27 01:24:00 +0000"
    },
    "done": true
  },
  "minecraft:recipes/building_blocks/deepslate_brick_slab_from_cobbled_deepslate_stonecutting": {
    "criteria": {
      "has_cobbled_deepslate": "2024-05-27 01:24:00 +0000"
    },
    "done": true
  },
  "minecraft:recipes/building_blocks/cobbled_deepslate_slab_from_cobbled_deepslate_stonecutting": {
    "criteria": {
      "has_cobbled_deepslate": "2024-05-27 01:24:00 +0000"
    },
    "done": true
  },
  "minecraft:recipes/misc/white_dye_from_lily_of_the_valley": {
    "criteria": {
      "has_lily_of_the_valley": "2024-05-27 01:24:00 +0000"
    },
    "done": true
  },
  "minecraft:recipes/building_blocks/deepslate_tile_slab_from_cobbled_deepslate_stonecutting": {
    "criteria": {
      "has_cobbled_deepslate": "2024-05-27 01:24:00 +0000"
    },
    "done": true
  },
  "minecraft:recipes/building_blocks/cobbled_deepslate_stairs": {
    "criteria": {
      "has_cobbled_deepslate": "2024-05-27 01:24:00 +0000"
    },
    "done": true
  },
  "minecraft:recipes/decorations/deepslate_tile_wall_from_cobbled_deepslate_stonecutting": {
    "criteria": {
      "has_cobbled_deepslate": "2024-05-27 01:24:00 +0000"
    },
    "done": true
  },
  "minecraft:recipes/building_blocks/deepslate_bricks_from_cobbled_deepslate_stonecutting": {
    "criteria": {
      "has_cobbled_deepslate": "2024-05-27 01:24:00 +0000"
    },
    "done": true
  },
  "minecraft:recipes/building_blocks/deepslate_tiles_from_cobbled_deepslate_stonecutting": {
    "criteria": {
      "has_cobbled_deepslate": "2024-05-27 01:24:00 +0000"
    },
    "done": true
  },
  "more_gems:recipes/combat/alexandrite_bow": {
    "criteria": {
      "has_string": "2024-05-27 01:24:01 +0000"
    },
    "done": true
  },
  "more_gems:recipes/combat/citrine_bow": {
    "criteria": {
      "has_string": "2024-05-27 01:24:01 +0000"
    },
    "done": true
  },
  "beautify:rope": {
    "criteria": {
      "requirement": "2024-05-27 01:24:01 +0000"
    },
    "done": true
  },
  "minecraft:recipes/combat/bow": {
    "criteria": {
      "has_string": "2024-05-27 01:24:01 +0000"
    },
    "done": true
  },
  "minecraft:recipes/tools/fishing_rod": {
    "criteria": {
      "has_string": "2024-05-27 01:24:01 +0000"
    },
    "done": true
  },
  "more_gems:recipes/combat/topaz_bow": {
    "criteria": {
      "has_string": "2024-05-27 01:24:01 +0000"
    },
    "done": true
  },
  "minecraft:recipes/redstone/tripwire_hook": {
    "criteria": {
      "has_string": "2024-05-27 01:24:01 +0000"
    },
    "done": true
  },
  "minecraft:recipes/decorations/candle": {
    "criteria": {
      "has_string": "2024-05-27 01:24:01 +0000"
    },
    "done": true
  },
  "more_gems:recipes/combat/kunzite_bow": {
    "criteria": {
      "has_string": "2024-05-27 01:24:01 +0000"
    },
    "done": true
  },
  "more_gems:recipes/combat/carbonado_bow": {
    "criteria": {
      "has_string": "2024-05-27 01:24:01 +0000"
    },
    "done": true
  },
  "more_gems:recipes/combat/moissanite_bow": {
    "criteria": {
      "has_string": "2024-05-27 01:24:01 +0000"
    },
    "done": true
  },
  "minecraft:recipes/building_blocks/white_wool_from_string": {
    "criteria": {
      "has_string": "2024-05-27 01:24:01 +0000"
    },
    "done": true
  },
  "more_gems:recipes/combat/spinel_bow": {
    "criteria": {
      "has_string": "2024-05-27 01:24:01 +0000"
    },
    "done": true
  },
  "more_gems:recipes/combat/sapphire_bow": {
    "criteria": {
      "has_string": "2024-05-27 01:24:01 +0000"
    },
    "done": true
  },
  "more_gems:recipes/combat/corundum_bow": {
    "criteria": {
      "has_string": "2024-05-27 01:24:01 +0000"
    },
    "done": true
  },
  "more_gems:recipes/combat/tourmaline_bow": {
    "criteria": {
      "has_string": "2024-05-27 01:24:01 +0000"
    },
    "done": true
  },
  "minecraft:recipes/decorations/loom": {
    "criteria": {
      "has_string": "2024-05-27 01:24:01 +0000"
    },
    "done": true
  },
  "nemos-carpentry:recipes/tools/golden_saw": {
    "criteria": {
      "has_gold_ingot": "2024-05-27 01:24:04 +0000"
    },
    "done": true
  },
  "minecraft:recipes/tools/golden_axe": {
    "criteria": {
      "has_gold_ingot": "2024-05-27 01:24:04 +0000"
    },
    "done": true
  },
  "minecraft:recipes/tools/golden_pickaxe": {
    "criteria": {
      "has_gold_ingot": "2024-05-27 01:24:04 +0000"
    },
    "done": true
  },
  "minecraft:recipes/misc/gold_nugget": {
    "criteria": {
      "has_gold_ingot": "2024-05-27 01:24:04 +0000"
    },
    "done": true
  },
  "minecraft:recipes/tools/golden_shovel": {
    "criteria": {
      "has_gold_ingot": "2024-05-27 01:24:04 +0000"
    },
    "done": true
  },
  "minecraft:recipes/food/golden_apple": {
    "criteria": {
      "has_gold_ingot": "2024-05-27 01:24:04 +0000"
    },
    "done": true
  },
  "minecraft:recipes/combat/golden_boots": {
    "criteria": {
      "has_gold_ingot": "2024-05-27 01:24:04 +0000"
    },
    "done": true
  },
  "minecraft:recipes/combat/golden_helmet": {
    "criteria": {
      "has_gold_ingot": "2024-05-27 01:24:04 +0000"
    },
    "done": true
  },
  "minecraft:recipes/combat/golden_chestplate": {
    "criteria": {
      "has_gold_ingot": "2024-05-27 01:24:04 +0000"
    },
    "done": true
  },
  "minecraft:recipes/redstone/light_weighted_pressure_plate": {
    "criteria": {
      "has_gold_ingot": "2024-05-27 01:24:04 +0000"
    },
    "done": true
  },
  "minecraft:recipes/decorations/torch": {
    "criteria": {
      "has_stone_pickaxe": "2024-05-27 01:24:04 +0000"
    },
    "done": true
  },
  "minecraft:story/upgrade_tools": {
    "criteria": {
      "stone_pickaxe": "2024-05-27 01:24:04 +0000"
    },
    "done": true
  },
  "minecraft:recipes/combat/golden_sword": {
    "criteria": {
      "has_gold_ingot": "2024-05-27 01:24:04 +0000"
    },
    "done": true
  },
  "minecraft:recipes/building_blocks/gold_block": {
    "criteria": {
      "has_gold_ingot": "2024-05-27 01:24:04 +0000"
    },
    "done": true
  },
  "minecraft:recipes/tools/golden_hoe": {
    "criteria": {
      "has_gold_ingot": "2024-05-27 01:24:04 +0000"
    },
    "done": true
  },
  "minecraft:recipes/combat/golden_leggings": {
    "criteria": {
      "has_gold_ingot": "2024-05-27 01:24:04 +0000"
    },
    "done": true
  },
  "more_gems:recipes/building_blocks/sapphire_block": {
    "criteria": {
      "has_sapphire": "2024-05-27 01:24:29 +0000"
    },
    "done": true
  },
  "more_gems:recipes/misc/sapphire_boots": {
    "criteria": {
      "has_sapphire": "2024-05-27 01:24:29 +0000"
    },
    "done": true
  },
  "more_gems:recipes/misc/sapphire_chestplate": {
    "criteria": {
      "has_sapphire": "2024-05-27 01:24:29 +0000"
    },
    "done": true
  },
  "more_gems:recipes/misc/sapphire_helmet": {
    "criteria": {
      "has_sapphire": "2024-05-27 01:24:29 +0000"
    },
    "done": true
  },
  "more_gems:recipes/misc/sapphire_leggings": {
    "criteria": {
      "has_sapphire": "2024-05-27 01:24:29 +0000"
    },
    "done": true
  },
  "minecraft:recipes/building_blocks/mossy_cobblestone_from_moss_block": {
    "criteria": {
      "has_moss_block": "2024-05-27 01:31:04 +0000"
    },
    "done": true
  },
  "minecraft:recipes/decorations/moss_carpet": {
    "criteria": {
      "has_moss_block": "2024-05-27 01:31:04 +0000"
    },
    "done": true
  },
  "biomesoplenty:recipes/building_blocks/mossy_black_sand": {
    "criteria": {
      "has_moss_block": "2024-05-27 01:31:04 +0000"
    },
    "done": true
  },
  "minecraft:recipes/building_blocks/mossy_stone_bricks_from_moss_block": {
    "criteria": {
      "has_moss_block": "2024-05-27 01:31:04 +0000"
    },
    "done": true
  },
  "more_gems:recipes/misc/topaz_helmet": {
    "criteria": {
      "has_topaz": "2024-05-27 01:31:52 +0000"
    },
    "done": true
  },
  "more_gems:recipes/misc/topaz_chestplate": {
    "criteria": {
      "has_topaz": "2024-05-27 01:31:52 +0000"
    },
    "done": true
  },
  "more_gems:recipes/building_blocks/topaz_block": {
    "criteria": {
      "has_topaz": "2024-05-27 01:31:52 +0000"
    },
    "done": true
  },
  "more_gems:recipes/misc/topaz_leggings": {
    "criteria": {
      "has_topaz": "2024-05-27 01:31:52 +0000"
    },
    "done": true
  },
  "more_gems:recipes/misc/topaz_boots": {
    "criteria": {
      "has_topaz": "2024-05-27 01:31:52 +0000"
    },
    "done": true
  },
  "minecraft:recipes/decorations/armor_stand": {
    "criteria": {
      "has_stone_slab": "2024-05-27 01:32:02 +0000"
    },
    "done": true
  },
  "minecraft:recipes/misc/sugar_from_honey_bottle": {
    "criteria": {
      "has_honey_bottle": "2024-05-27 01:33:01 +0000"
    },
    "done": true
  },
  "minecraft:recipes/redstone/honey_block": {
    "criteria": {
      "has_honey_bottle": "2024-05-27 01:33:01 +0000"
    },
    "done": true
  },
  "minecraft:story/iron_tools": {
    "criteria": {
      "iron_pickaxe": "2024-05-27 01:33:42 +0000"
    },
    "done": true
  },
  "minecraft:recipes/misc/blue_dye": {
    "criteria": {
      "has_lapis_lazuli": "2024-05-27 01:33:58 +0000"
    },
    "done": true
  },
  "minecraft:recipes/building_blocks/lapis_block": {
    "criteria": {
      "has_lapis_lazuli": "2024-05-27 01:33:58 +0000"
    },
    "done": true
  },
  "minecraft:recipes/building_blocks/bookshelf": {
    "criteria": {
      "has_book": "2024-05-27 01:39:42 +0000"
    },
    "done": true
  },
  "minecraft:recipes/redstone/lectern": {
    "criteria": {
      "has_book": "2024-05-27 01:39:42 +0000"
    },
    "done": true
  },
  "minecraft:recipes/building_blocks/chiseled_bookshelf": {
    "criteria": {
      "has_book": "2024-05-27 01:39:42 +0000"
    },
    "done": true
  },
  "minecraft:recipes/misc/writable_book": {
    "criteria": {
      "has_book": "2024-05-27 01:39:42 +0000"
    },
    "done": true
  },
  "beautify:bookstack": {
    "criteria": {
      "requirement": "2024-05-27 01:39:42 +0000"
    },
    "done": true
  },
  "minecraft:recipes/misc/orange_dye_from_orange_tulip": {
    "criteria": {
      "has_orange_tulip": "2024-05-27 01:41:35 +0000"
    },
    "done": true
  },
  "minecraft:recipes/misc/book": {
    "criteria": {
      "has_paper": "2024-05-27 01:43:02 +0000"
    },
    "done": true
  },
  "minecraft:recipes/decorations/cartography_table": {
    "criteria": {
      "has_paper": "2024-05-27 01:43:02 +0000"
    },
    "done": true
  },
  "polydecorations:recipes/decorations/canvas": {
    "criteria": {
      "planks": "2024-05-27 01:43:02 +0000"
    },
    "done": true
  },
  "minecraft:recipes/building_blocks/coal_block": {
    "criteria": {
      "has_coal": "2024-05-27 01:44:00 +0000"
    },
    "done": true
  },
  "minecraft:recipes/misc/pink_dye_from_pink_tulip": {
    "criteria": {
      "has_pink_tulip": "2024-05-27 01:45:17 +0000"
    },
    "done": true
  },
  "minecraft:recipes/misc/light_gray_dye_from_white_tulip": {
    "criteria": {
      "has_white_tulip": "2024-05-27 01:45:38 +0000"
    },
    "done": true
  },
  "minecraft:recipes/building_blocks/dark_oak_planks": {
    "criteria": {
      "has_log": "2024-05-27 01:46:59 +0000"
    },
    "done": true
  },
  "minecraft:recipes/misc/charcoal": {
    "criteria": {
      "has_log": "2024-05-27 01:46:59 +0000"
    },
    "done": true
  },
  "minecraft:recipes/building_blocks/dark_oak_wood": {
    "criteria": {
      "has_log": "2024-05-27 01:46:59 +0000"
    },
    "done": true
  },
  "nemos-carpentry:recipes/decorations/dark_oak_log_seat_carpentry": {
    "criteria": {
      "has_dark_oak_log": "2024-05-27 01:46:59 +0000"
    },
    "done": true
  },
  "minecraft:recipes/misc/paper": {
    "criteria": {
      "has_reeds": "2024-05-27 01:47:44 +0000"
    },
    "done": true
  },
  "minecraft:recipes/misc/sugar_from_sugar_cane": {
    "criteria": {
      "has_sugar_cane": "2024-05-27 01:47:44 +0000"
    },
    "done": true
  },
  "nemos-carpentry:recipes/decorations/bound_bamboo_ladder": {
    "criteria": {
      "has_bamboo": "2024-05-27 01:48:30 +0000"
    },
    "done": true
  },
  "minecraft:recipes/misc/stick_from_bamboo_item": {
    "criteria": {
      "has_bamboo": "2024-05-27 01:48:30 +0000"
    },
    "done": true
  },
  "minecraft:recipes/building_blocks/bamboo_block": {
    "criteria": {
      "has_bamboo": "2024-05-27 01:48:30 +0000"
    },
    "done": true
  },
  "minecraft:recipes/decorations/scaffolding": {
    "criteria": {
      "has_bamboo": "2024-05-27 01:48:30 +0000"
    },
    "done": true
  },
  "biomesoplenty:biomesoplenty/all_biomes": {
    "criteria": {
      "volcanic_plains": "2024-05-30 07:14:02 +0000",
      "orchard": "2024-05-28 06:46:37 +0000",
      "woodland": "2024-05-28 06:47:36 +0000",
      "floodplain": "2024-05-27 09:31:34 +0000",
      "mystic_grove": "2024-05-27 01:50:50 +0000",
      "overgrown_greens": "2024-05-27 01:48:42 +0000",
      "shrubland": "2024-05-28 06:53:10 +0000",
      "old_growth_woodland": "2024-05-30 07:14:05 +0000",
      "rainforest": "2024-05-30 07:13:50 +0000",
      "grassland": "2024-05-27 01:50:33 +0000"
    },
    "done": false
  },
  "biomesoplenty:biomesoplenty/root": {
    "criteria": {
      "overgrown_greens": "2024-05-27 01:48:42 +0000"
    },
    "done": true
  },
  "minecraft:recipes/misc/flower_banner_pattern": {
    "criteria": {
      "has_oxeye_daisy": "2024-05-27 01:49:12 +0000"
    },
    "done": true
  },
  "minecraft:recipes/misc/light_gray_dye_from_oxeye_daisy": {
    "criteria": {
      "has_oxeye_daisy": "2024-05-27 01:49:12 +0000"
    },
    "done": true
  },
  "minecraft:recipes/misc/pink_dye_from_pink_petals": {
    "criteria": {
      "has_pink_petals": "2024-05-27 01:49:47 +0000"
    },
    "done": true
  },
  "biomesoplenty:recipes/misc/light_blue_dye_from_blue_hydrangea": {
    "criteria": {
      "has_blue_hydrangea": "2024-05-27 01:53:17 +0000"
    },
    "done": true
  },
  "minecraft:recipes/combat/leather_helmet": {
    "criteria": {
      "has_leather": "2024-05-27 01:57:17 +0000"
    },
    "done": true
  },
  "minecraft:recipes/combat/leather_leggings": {
    "criteria": {
      "has_leather": "2024-05-27 01:57:17 +0000"
    },
    "done": true
  },
  "minecraft:recipes/combat/leather_chestplate": {
    "criteria": {
      "has_leather": "2024-05-27 01:57:17 +0000"
    },
    "done": true
  },
  "minecraft:recipes/misc/leather_horse_armor": {
    "criteria": {
      "has_leather": "2024-05-27 01:57:17 +0000"
    },
    "done": true
  },
  "minecraft:recipes/decorations/item_frame": {
    "criteria": {
      "has_leather": "2024-05-27 01:57:17 +0000"
    },
    "done": true
  },
  "minecraft:recipes/combat/leather_boots": {
    "criteria": {
      "has_leather": "2024-05-27 01:57:17 +0000"
    },
    "done": true
  },
  "minecraft:adventure/sleep_in_bed": {
    "criteria": {
      "slept_in_bed": "2024-05-27 02:00:05 +0000"
    },
    "done": true
  },
  "biomesoplenty:recipes/misc/pink_dye_from_pink_daffodil": {
    "criteria": {
      "has_pink_daffodil": "2024-05-27 02:00:20 +0000"
    },
    "done": true
  },
  "biomesoplenty:recipes/building_blocks/magic_wood": {
    "criteria": {
      "has_log": "2024-05-27 02:00:36 +0000"
    },
    "done": true
  },
  "biomesoplenty:recipes/building_blocks/magic_planks": {
    "criteria": {
      "has_logs": "2024-05-27 02:00:36 +0000"
    },
    "done": true
  },
  "nemos-carpentry:recipes/decorations/oak_log_seat_carpentry": {
    "criteria": {
      "has_oak_log": "2024-05-27 02:03:34 +0000"
    },
    "done": true
  },
  "minecraft:recipes/building_blocks/oak_planks": {
    "criteria": {
      "has_logs": "2024-05-27 02:03:34 +0000"
    },
    "done": true
  },
  "minecraft:recipes/building_blocks/oak_wood": {
    "criteria": {
      "has_log": "2024-05-27 02:03:34 +0000"
    },
    "done": true
  },
  "biomesoplenty:recipes/redstone/magic_door": {
    "criteria": {
      "has_planks": "2024-05-27 02:09:38 +0000"
    },
    "done": true
  },
  "biomesoplenty:recipes/redstone/magic_pressure_plate": {
    "criteria": {
      "has_planks": "2024-05-27 02:09:38 +0000"
    },
    "done": true
  },
  "minecraft:recipes/misc/stick": {
    "criteria": {
      "has_planks": "2024-05-27 02:09:38 +0000"
    },
    "done": true
  },
  "biomesoplenty:recipes/redstone/magic_fence_gate": {
    "criteria": {
      "has_planks": "2024-05-27 02:09:38 +0000"
    },
    "done": true
  },
  "biomesoplenty:recipes/redstone/magic_trapdoor": {
    "criteria": {
      "has_planks": "2024-05-27 02:09:38 +0000"
    },
    "done": true
  },
  "biomesoplenty:recipes/redstone/magic_button": {
    "criteria": {
      "has_planks": "2024-05-27 02:09:38 +0000"
    },
    "done": true
  },
  "biomesoplenty:recipes/building_blocks/magic_slab": {
    "criteria": {
      "has_planks": "2024-05-27 02:09:38 +0000"
    },
    "done": true
  },
  "biomesoplenty:recipes/decorations/magic_sign": {
    "criteria": {
      "has_planks": "2024-05-27 02:09:38 +0000"
    },
    "done": true
  },
  "biomesoplenty:recipes/building_blocks/magic_stairs": {
    "criteria": {
      "has_planks": "2024-05-27 02:09:38 +0000"
    },
    "done": true
  },
  "minecraft:recipes/decorations/barrel": {
    "criteria": {
      "has_planks": "2024-05-27 02:09:38 +0000"
    },
    "done": true
  },
  "biomesoplenty:recipes/decorations/magic_fence": {
    "criteria": {
      "has_planks": "2024-05-27 02:09:38 +0000"
    },
    "done": true
  },
  "minecraft:recipes/decorations/oak_sign": {
    "criteria": {
      "has_planks": "2024-05-27 08:24:19 +0000"
    },
    "done": true
  },
  "minecraft:recipes/redstone/oak_trapdoor": {
    "criteria": {
      "has_planks": "2024-05-27 08:24:19 +0000"
    },
    "done": true
  },
  "minecraft:recipes/building_blocks/oak_stairs": {
    "criteria": {
      "has_planks": "2024-05-27 08:24:19 +0000"
    },
    "done": true
  },
  "minecraft:recipes/decorations/oak_fence": {
    "criteria": {
      "has_planks": "2024-05-27 08:24:19 +0000"
    },
    "done": true
  },
  "nemos-carpentry:recipes/decorations/oak_chair_carpentry": {
    "criteria": {
      "has_oak_planks": "2024-05-27 08:24:19 +0000"
    },
    "done": true
  },
  "minecraft:recipes/redstone/oak_button": {
    "criteria": {
      "has_planks": "2024-05-27 08:24:19 +0000"
    },
    "done": true
  },
  "polydecorations:recipes/decorations/oak_sign_post": {
    "criteria": {
      "planks": "2024-05-27 08:24:19 +0000"
    },
    "done": true
  },
  "minecraft:recipes/building_blocks/oak_slab": {
    "criteria": {
      "has_planks": "2024-05-27 08:24:19 +0000"
    },
    "done": true
  },
  "polydecorations:recipes/decorations/oak_bench": {
    "criteria": {
      "planks": "2024-05-27 08:24:19 +0000"
    },
    "done": true
  },
  "minecraft:recipes/redstone/oak_fence_gate": {
    "criteria": {
      "has_planks": "2024-05-27 08:24:19 +0000"
    },
    "done": true
  },
  "minecraft:recipes/redstone/oak_pressure_plate": {
    "criteria": {
      "has_planks": "2024-05-27 08:24:19 +0000"
    },
    "done": true
  },
  "minecraft:recipes/redstone/oak_door": {
    "criteria": {
      "has_planks": "2024-05-27 08:24:19 +0000"
    },
    "done": true
  },
  "nemos-carpentry:recipes/decorations/oak_chair_felix_carpentry": {
    "criteria": {
      "has_oak_planks": "2024-05-27 08:24:19 +0000"
    },
    "done": true
  },
  "polydecorations:recipes/decorations/oak_shelf": {
    "criteria": {
      "planks": "2024-05-27 08:24:19 +0000"
    },
    "done": true
  },
  "nemos-carpentry:recipes/decorations/oak_park_bench_carpentry": {
    "criteria": {
      "has_oak_planks": "2024-05-27 08:24:19 +0000"
    },
    "done": true
  },
  "polydecorations:recipes/decorations/oak_mailbox": {
    "criteria": {
      "planks": "2024-05-27 08:24:19 +0000"
    },
    "done": true
  },
  "minecraft:recipes/misc/magenta_dye_from_allium": {
    "criteria": {
      "has_allium": "2024-05-27 08:26:00 +0000"
    },
    "done": true
  },
  "minecraft:recipes/misc/light_gray_dye_from_azure_bluet": {
    "criteria": {
      "has_azure_bluet": "2024-05-27 08:31:16 +0000"
    },
    "done": true
  },
  "minecraft:recipes/food/cooked_rabbit": {
    "criteria": {
      "has_rabbit": "2024-05-27 08:38:50 +0000"
    },
    "done": true
  },
  "minecraft:recipes/food/cooked_rabbit_from_smoking": {
    "criteria": {
      "has_rabbit": "2024-05-27 08:38:50 +0000"
    },
    "done": true
  },
  "minecraft:recipes/food/cooked_rabbit_from_campfire_cooking": {
    "criteria": {
      "has_rabbit": "2024-05-27 08:38:50 +0000"
    },
    "done": true
  },
  "minecraft:recipes/misc/leather": {
    "criteria": {
      "has_rabbit_hide": "2024-05-27 08:38:50 +0000"
    },
    "done": true
  },
  "minecraft:recipes/decorations/smoker": {
    "criteria": {
      "has_furnace": "2024-05-27 08:42:48 +0000"
    },
    "done": true
  },
  "minecraft:recipes/food/rabbit_stew_from_brown_mushroom": {
    "criteria": {
      "has_cooked_rabbit": "2024-05-27 08:44:01 +0000"
    },
    "done": true
  },
  "minecraft:recipes/food/rabbit_stew_from_red_mushroom": {
    "criteria": {
      "has_cooked_rabbit": "2024-05-27 08:44:01 +0000"
    },
    "done": true
  },
  "biomesoplenty:recipes/food/rabbit_stew_from_toadstool": {
    "criteria": {
      "has_cooked_rabbit": "2024-05-27 08:44:01 +0000"
    },
    "done": true
  },
  "biomesoplenty:recipes/misc/cyan_dye_from_glowflower": {
    "criteria": {
      "has_glowflower": "2024-05-27 08:46:08 +0000"
    },
    "done": true
  },
  "biomesoplenty:recipes/redstone/tnt_from_bop_sand": {
    "criteria": {
      "has_gunpowder": "2024-05-27 08:46:23 +0000"
    },
    "done": true
  },
  "minecraft:recipes/redstone/redstone_torch": {
    "criteria": {
      "has_redstone": "2024-05-27 08:46:23 +0000"
    },
    "done": true
  },
  "minecraft:recipes/tools/clock": {
    "criteria": {
      "has_redstone": "2024-05-27 08:46:23 +0000"
    },
    "done": true
  },
  "minecraft:recipes/redstone/note_block": {
    "criteria": {
      "has_redstone": "2024-05-27 08:46:23 +0000"
    },
    "done": true
  },
  "minecraft:recipes/redstone/target": {
    "criteria": {
      "has_redstone": "2024-05-27 08:46:23 +0000"
    },
    "done": true
  },
  "minecraft:recipes/tools/compass": {
    "criteria": {
      "has_redstone": "2024-05-27 08:46:23 +0000"
    },
    "done": true
  },
  "minecraft:recipes/redstone/dropper": {
    "criteria": {
      "has_redstone": "2024-05-27 08:46:23 +0000"
    },
    "done": true
  },
  "minecraft:recipes/redstone/redstone_block": {
    "criteria": {
      "has_redstone": "2024-05-27 08:46:23 +0000"
    },
    "done": true
  },
  "minecraft:recipes/misc/firework_rocket_simple": {
    "criteria": {
      "has_gunpowder": "2024-05-27 08:46:23 +0000"
    },
    "done": true
  },
  "minecraft:recipes/redstone/tnt": {
    "criteria": {
      "has_gunpowder": "2024-05-27 08:46:23 +0000"
    },
    "done": true
  },
  "minecraft:recipes/redstone/piston": {
    "criteria": {
      "has_redstone": "2024-05-27 08:46:23 +0000"
    },
    "done": true
  },
  "beautify:lamp_jar": {
    "criteria": {
      "requirement": "2024-05-27 08:51:12 +0000"
    },
    "done": true
  },
  "minecraft:recipes/building_blocks/glowstone": {
    "criteria": {
      "has_glowstone_dust": "2024-05-27 08:51:12 +0000"
    },
    "done": true
  },
  "minecraft:recipes/combat/spectral_arrow": {
    "criteria": {
      "has_glowstone_dust": "2024-05-27 08:51:12 +0000"
    },
    "done": true
  },
  "minecraft:recipes/brewing/cauldron": {
    "criteria": {
      "has_water_bucket": "2024-05-27 09:12:10 +0000"
    },
    "done": true
  },
  "minecraft:husbandry/plant_seed": {
    "criteria": {
      "wheat": "2024-05-27 09:19:24 +0000"
    },
    "done": true
  },
  "minecraft:recipes/brewing/fermented_spider_eye": {
    "criteria": {
      "has_spider_eye": "2024-05-27 09:28:37 +0000"
    },
    "done": true
  },
  "biomesoplenty:recipes/misc/red_dye_from_waterlily": {
    "criteria": {
      "has_waterlily": "2024-05-27 09:31:34 +0000"
    },
    "done": true
  },
  "more_gems:recipes/misc/kunzite_leggings": {
    "criteria": {
      "has_kunzite": "2024-05-27 09:52:04 +0000"
    },
    "done": true
  },
  "more_gems:recipes/misc/kunzite_helmet": {
    "criteria": {
      "has_kunzite": "2024-05-27 09:52:04 +0000"
    },
    "done": true
  },
  "more_gems:recipes/building_blocks/kunzite_block": {
    "criteria": {
      "has_kunzite": "2024-05-27 09:52:04 +0000"
    },
    "done": true
  },
  "more_gems:recipes/misc/kunzite_chestplate": {
    "criteria": {
      "has_kunzite": "2024-05-27 09:52:04 +0000"
    },
    "done": true
  },
  "more_gems:recipes/misc/kunzite_boots": {
    "criteria": {
      "has_kunzite": "2024-05-27 09:52:04 +0000"
    },
    "done": true
  },
  "minecraft:recipes/combat/diamond_leggings": {
    "criteria": {
      "has_diamond": "2024-05-28 05:46:47 +0000"
    },
    "done": true
  },
  "minecraft:recipes/combat/diamond_sword": {
    "criteria": {
      "has_diamond": "2024-05-28 05:46:47 +0000"
    },
    "done": true
  },
  "minecraft:recipes/decorations/jukebox": {
    "criteria": {
      "has_diamond": "2024-05-28 05:46:47 +0000"
    },
    "done": true
  },
  "minecraft:recipes/combat/diamond_chestplate": {
    "criteria": {
      "has_diamond": "2024-05-28 05:46:47 +0000"
    },
    "done": true
  },
  "minecraft:recipes/tools/diamond_pickaxe": {
    "criteria": {
      "has_diamond": "2024-05-28 05:46:47 +0000"
    },
    "done": true
  },
  "minecraft:recipes/tools/diamond_hoe": {
    "criteria": {
      "has_diamond": "2024-05-28 05:46:47 +0000"
    },
    "done": true
  },
  "minecraft:recipes/tools/diamond_shovel": {
    "criteria": {
      "has_diamond": "2024-05-28 05:46:47 +0000"
    },
    "done": true
  },
  "minecraft:recipes/combat/diamond_boots": {
    "criteria": {
      "has_diamond": "2024-05-28 05:46:47 +0000"
    },
    "done": true
  },
  "nemos-carpentry:recipes/tools/diamond_saw": {
    "criteria": {
      "has_diamond": "2024-05-28 05:46:47 +0000"
    },
    "done": true
  },
  "minecraft:recipes/combat/diamond_helmet": {
    "criteria": {
      "has_diamond": "2024-05-28 05:46:47 +0000"
    },
    "done": true
  },
  "minecraft:recipes/building_blocks/diamond_block": {
    "criteria": {
      "has_diamond": "2024-05-28 05:46:47 +0000"
    },
    "done": true
  },
  "minecraft:story/mine_diamond": {
    "criteria": {
      "diamond": "2024-05-28 05:46:47 +0000"
    },
    "done": true
  },
  "minecraft:recipes/tools/diamond_axe": {
    "criteria": {
      "has_diamond": "2024-05-28 05:46:47 +0000"
    },
    "done": true
  },
  "minecraft:recipes/misc/conduit": {
    "criteria": {
      "has_nautilus_shell": "2024-05-28 05:52:16 +0000"
    },
    "done": true
  },
  "minecraft:recipes/decorations/glow_item_frame": {
    "criteria": {
      "has_glow_ink_sac": "2024-05-28 05:53:34 +0000"
    },
    "done": true
  },
  "minecraft:recipes/building_blocks/end_stone_brick_slab_from_end_stone_stonecutting": {
    "criteria": {
      "has_end_stone": "2024-05-28 05:57:33 +0000"
    },
    "done": true
  },
  "minecraft:recipes/building_blocks/end_stone_bricks": {
    "criteria": {
      "has_end_stone": "2024-05-28 05:57:33 +0000"
    },
    "done": true
  },
  "minecraft:recipes/decorations/end_stone_brick_wall_from_end_stone_stonecutting": {
    "criteria": {
      "has_end_stone": "2024-05-28 05:57:33 +0000"
    },
    "done": true
  },
  "minecraft:recipes/building_blocks/end_stone_bricks_from_end_stone_stonecutting": {
    "criteria": {
      "has_end_stone": "2024-05-28 05:57:33 +0000"
    },
    "done": true
  },
  "minecraft:recipes/building_blocks/end_stone_brick_stairs_from_end_stone_stonecutting": {
    "criteria": {
      "has_end_stone": "2024-05-28 05:57:33 +0000"
    },
    "done": true
  },
  "more_gems:recipes/misc/alexandrite_leggings": {
    "criteria": {
      "has_alexandrite": "2024-05-28 06:01:50 +0000"
    },
    "done": true
  },
  "more_gems:recipes/misc/alexandrite_boots": {
    "criteria": {
      "has_alexandrite": "2024-05-28 06:01:50 +0000"
    },
    "done": true
  },
  "more_gems:recipes/misc/alexandrite_helmet": {
    "criteria": {
      "has_alexandrite": "2024-05-28 06:01:50 +0000"
    },
    "done": true
  },
  "more_gems:recipes/misc/alexandrite_chestplate": {
    "criteria": {
      "has_alexandrite": "2024-05-28 06:01:50 +0000"
    },
    "done": true
  },
  "more_gems:recipes/building_blocks/alexandrite_block": {
    "criteria": {
      "has_alexandrite": "2024-05-28 06:01:50 +0000"
    },
    "done": true
  },
  "more_gems:recipes/misc/corundum_helmet": {
    "criteria": {
      "has_corundum": "2024-05-28 06:05:03 +0000"
    },
    "done": true
  },
  "more_gems:recipes/building_blocks/corundum_block": {
    "criteria": {
      "has_corundum": "2024-05-28 06:05:03 +0000"
    },
    "done": true
  },
  "more_gems:recipes/misc/corundum_leggings": {
    "criteria": {
      "has_corundum": "2024-05-28 06:05:03 +0000"
    },
    "done": true
  },
  "more_gems:recipes/misc/corundum_boots": {
    "criteria": {
      "has_corundum": "2024-05-28 06:05:03 +0000"
    },
    "done": true
  },
  "more_gems:recipes/misc/corundum_chestplate": {
    "criteria": {
      "has_corundum": "2024-05-28 06:05:03 +0000"
    },
    "done": true
  },
  "minecraft:recipes/misc/gold_ingot_from_blasting_raw_gold": {
    "criteria": {
      "has_raw_gold": "2024-05-28 06:14:28 +0000"
    },
    "done": true
  },
  "minecraft:recipes/misc/gold_ingot_from_smelting_raw_gold": {
    "criteria": {
      "has_raw_gold": "2024-05-28 06:14:28 +0000"
    },
    "done": true
  },
  "minecraft:recipes/building_blocks/raw_gold_block": {
    "criteria": {
      "has_raw_gold": "2024-05-28 06:14:28 +0000"
    },
    "done": true
  },
  "more_gems:recipes/misc/tourmaline_chestplate": {
    "criteria": {
      "has_tourmaline": "2024-05-28 06:32:59 +0000"
    },
    "done": true
  },
  "more_gems:recipes/misc/tourmaline_leggings": {
    "criteria": {
      "has_tourmaline": "2024-05-28 06:32:59 +0000"
    },
    "done": true
  },
  "more_gems:recipes/building_blocks/tourmaline_block": {
    "criteria": {
      "has_tourmaline": "2024-05-28 06:32:59 +0000"
    },
    "done": true
  },
  "more_gems:recipes/misc/tourmaline_boots": {
    "criteria": {
      "has_tourmaline": "2024-05-28 06:32:59 +0000"
    },
    "done": true
  },
  "more_gems:recipes/misc/tourmaline_helmet": {
    "criteria": {
      "has_tourmaline": "2024-05-28 06:32:59 +0000"
    },
    "done": true
  },
  "more_gems:recipes/misc/citrine_helmet": {
    "criteria": {
      "has_citrine": "2024-05-28 06:33:48 +0000"
    },
    "done": true
  },
  "more_gems:recipes/misc/citrine_chestplate": {
    "criteria": {
      "has_citrine": "2024-05-28 06:33:48 +0000"
    },
    "done": true
  },
  "more_gems:recipes/building_blocks/citrine_block": {
    "criteria": {
      "has_citrine": "2024-05-28 06:33:48 +0000"
    },
    "done": true
  },
  "more_gems:recipes/misc/citrine_boots": {
    "criteria": {
      "has_citrine": "2024-05-28 06:33:48 +0000"
    },
    "done": true
  },
  "more_gems:recipes/misc/citrine_leggings": {
    "criteria": {
      "has_citrine": "2024-05-28 06:33:48 +0000"
    },
    "done": true
  },
  "minecraft:recipes/food/cooked_mutton_from_smoking": {
    "criteria": {
      "has_mutton": "2024-05-28 06:46:45 +0000"
    },
    "done": true
  },
  "minecraft:recipes/food/cooked_mutton": {
    "criteria": {
      "has_mutton": "2024-05-28 06:46:45 +0000"
    },
    "done": true
  },
  "minecraft:recipes/food/cooked_mutton_from_campfire_cooking": {
    "criteria": {
      "has_mutton": "2024-05-28 06:46:45 +0000"
    },
    "done": true
  },
  "minecraft:recipes/decorations/painting": {
    "criteria": {
      "has_wool": "2024-05-28 06:46:46 +0000"
    },
    "done": true
  },
  "beautify:frames": {
    "criteria": {
      "requirement": "2024-05-28 06:46:46 +0000"
    },
    "done": true
  },
  "minecraft:recipes/decorations/white_carpet": {
    "criteria": {
      "has_white_wool": "2024-05-28 06:46:46 +0000"
    },
    "done": true
  },
  "minecraft:recipes/decorations/white_banner": {
    "criteria": {
      "has_white_wool": "2024-05-28 06:46:46 +0000"
    },
    "done": true
  },
  "minecraft:recipes/decorations/white_bed": {
    "criteria": {
      "has_white_wool": "2024-05-28 06:46:46 +0000"
    },
    "done": true
  },
  "nmr:technical/regions/default": {
    "criteria": {
      "requirement": "2024-05-28 06:47:05 +0000"
    },
    "done": true
  },
  "minecraft:recipes/food/cooked_salmon": {
    "criteria": {
      "has_salmon": "2024-05-28 06:47:16 +0000"
    },
    "done": true
  },
  "minecraft:recipes/food/cooked_salmon_from_smoking": {
    "criteria": {
      "has_salmon": "2024-05-28 06:47:16 +0000"
    },
    "done": true
  },
  "minecraft:recipes/food/cooked_salmon_from_campfire_cooking": {
    "criteria": {
      "has_salmon": "2024-05-28 06:47:16 +0000"
    },
    "done": true
  },
  "minecraft:recipes/building_blocks/light_gray_concrete_powder": {
    "criteria": {
      "has_sand": "2024-05-28 06:49:15 +0000"
    },
    "done": true
  },
  "minecraft:recipes/building_blocks/pink_concrete_powder": {
    "criteria": {
      "has_sand": "2024-05-28 06:49:15 +0000"
    },
    "done": true
  },
  "minecraft:recipes/building_blocks/red_concrete_powder": {
    "criteria": {
      "has_sand": "2024-05-28 06:49:15 +0000"
    },
    "done": true
  },
  "minecraft:recipes/building_blocks/brown_concrete_powder": {
    "criteria": {
      "has_sand": "2024-05-28 06:49:15 +0000"
    },
    "done": true
  },
  "minecraft:recipes/building_blocks/light_blue_concrete_powder": {
    "criteria": {
      "has_sand": "2024-05-28 06:49:15 +0000"
    },
    "done": true
  },
  "minecraft:recipes/building_blocks/glass": {
    "criteria": {
      "has_smelts_to_glass": "2024-05-28 06:49:15 +0000"
    },
    "done": true
  },
  "minecraft:recipes/building_blocks/green_concrete_powder": {
    "criteria": {
      "has_sand": "2024-05-28 06:49:15 +0000"
    },
    "done": true
  },
  "minecraft:recipes/building_blocks/blue_concrete_powder": {
    "criteria": {
      "has_sand": "2024-05-28 06:49:15 +0000"
    },
    "done": true
  },
  "minecraft:recipes/building_blocks/white_concrete_powder": {
    "criteria": {
      "has_sand": "2024-05-28 06:49:15 +0000"
    },
    "done": true
  },
  "minecraft:recipes/building_blocks/lime_concrete_powder": {
    "criteria": {
      "has_sand": "2024-05-28 06:49:15 +0000"
    },
    "done": true
  },
  "minecraft:recipes/building_blocks/orange_concrete_powder": {
    "criteria": {
      "has_sand": "2024-05-28 06:49:15 +0000"
    },
    "done": true
  },
  "minecraft:recipes/building_blocks/magenta_concrete_powder": {
    "criteria": {
      "has_sand": "2024-05-28 06:49:15 +0000"
    },
    "done": true
  },
  "minecraft:recipes/building_blocks/yellow_concrete_powder": {
    "criteria": {
      "has_sand": "2024-05-28 06:49:15 +0000"
    },
    "done": true
  },
  "minecraft:recipes/building_blocks/sandstone": {
    "criteria": {
      "has_sand": "2024-05-28 06:49:15 +0000"
    },
    "done": true
  },
  "minecraft:recipes/building_blocks/gray_concrete_powder": {
    "criteria": {
      "has_sand": "2024-05-28 06:49:15 +0000"
    },
    "done": true
  },
  "minecraft:recipes/building_blocks/black_concrete_powder": {
    "criteria": {
      "has_sand": "2024-05-28 06:49:15 +0000"
    },
    "done": true
  },
  "minecraft:recipes/building_blocks/purple_concrete_powder": {
    "criteria": {
      "has_sand": "2024-05-28 06:49:15 +0000"
    },
    "done": true
  },
  "minecraft:recipes/building_blocks/cyan_concrete_powder": {
    "criteria": {
      "has_sand": "2024-05-28 06:49:15 +0000"
    },
    "done": true
  },
  "biomesoplenty:recipes/building_blocks/stripped_magic_wood": {
    "criteria": {
      "has_log": "2024-05-29 07:24:30 +0000"
    },
    "done": true
  },
  "biomesoplenty:recipes/decorations/magic_hanging_sign": {
    "criteria": {
      "has_stripped_logs": "2024-05-29 07:24:30 +0000"
    },
    "done": true
  },
  "minecraft:recipes/food/cooked_beef_from_smoking": {
    "criteria": {
      "has_beef": "2024-05-29 07:27:27 +0000"
    },
    "done": true
  },
  "minecraft:recipes/food/cooked_beef": {
    "criteria": {
      "has_beef": "2024-05-29 07:27:27 +0000"
    },
    "done": true
  },
  "minecraft:recipes/food/cooked_beef_from_campfire_cooking": {
    "criteria": {
      "has_beef": "2024-05-29 07:27:27 +0000"
    },
    "done": true
  },
  "minecraft:recipes/food/cooked_chicken_from_campfire_cooking": {
    "criteria": {
      "has_chicken": "2024-05-29 07:28:00 +0000"
    },
    "done": true
  },
  "minecraft:recipes/food/cooked_chicken": {
    "criteria": {
      "has_chicken": "2024-05-29 07:28:00 +0000"
    },
    "done": true
  },
  "minecraft:recipes/food/cooked_chicken_from_smoking": {
    "criteria": {
      "has_chicken": "2024-05-29 07:28:00 +0000"
    },
    "done": true
  },
  "gobber2:recipes/combat/gobber2_arrow": {
    "criteria": {
      "has_feather": "2024-05-29 07:28:06 +0000"
    },
    "done": true
  },
  "gobber2:recipes/combat/gobber2_arrow_end": {
    "criteria": {
      "has_feather": "2024-05-29 07:28:06 +0000"
    },
    "done": true
  },
  "gobber2:recipes/combat/gobber2_arrow_nether": {
    "criteria": {
      "has_feather": "2024-05-29 07:28:06 +0000"
    },
    "done": true
  },
  "minecraft:recipes/food/cooked_porkchop_from_campfire_cooking": {
    "criteria": {
      "has_porkchop": "2024-05-29 07:29:25 +0000"
    },
    "done": true
  },
  "minecraft:recipes/food/cooked_porkchop": {
    "criteria": {
      "has_porkchop": "2024-05-29 07:29:25 +0000"
    },
    "done": true
  },
  "minecraft:recipes/food/cooked_porkchop_from_smoking": {
    "criteria": {
      "has_porkchop": "2024-05-29 07:29:25 +0000"
    },
    "done": true
  },
  "minecraft:recipes/misc/red_dye_from_rose_bush": {
    "criteria": {
      "has_rose_bush": "2024-05-29 07:29:57 +0000"
    },
    "done": true
  },
  "minecraft:recipes/building_blocks/stone_bricks": {
    "criteria": {
      "has_stone": "2024-05-29 07:35:11 +0000"
    },
    "done": true
  },
  "minecraft:recipes/building_blocks/stone_bricks_from_stone_stonecutting": {
    "criteria": {
      "has_stone": "2024-05-29 07:35:11 +0000"
    },
    "done": true
  },
  "minecraft:recipes/building_blocks/stone_slab": {
    "criteria": {
      "has_stone": "2024-05-29 07:35:11 +0000"
    },
    "done": true
  },
  "minecraft:recipes/building_blocks/stone_stairs_from_stone_stonecutting": {
    "criteria": {
      "has_stone": "2024-05-29 07:35:11 +0000"
    },
    "done": true
  },
  "minecraft:recipes/redstone/stone_button": {
    "criteria": {
      "has_stone": "2024-05-29 07:35:11 +0000"
    },
    "done": true
  },
  "minecraft:recipes/decorations/stonecutter": {
    "criteria": {
      "has_stone": "2024-05-29 07:35:11 +0000"
    },
    "done": true
  },
  "minecraft:recipes/redstone/stone_pressure_plate": {
    "criteria": {
      "has_stone": "2024-05-29 07:35:11 +0000"
    },
    "done": true
  },
  "minecraft:recipes/building_blocks/smooth_stone": {
    "criteria": {
      "has_stone": "2024-05-29 07:35:11 +0000"
    },
    "done": true
  },
  "minecraft:recipes/decorations/stone_brick_walls_from_stone_stonecutting": {
    "criteria": {
      "has_stone": "2024-05-29 07:35:11 +0000"
    },
    "done": true
  },
  "minecraft:recipes/building_blocks/stone_brick_slab_from_stone_stonecutting": {
    "criteria": {
      "has_stone": "2024-05-29 07:35:11 +0000"
    },
    "done": true
  },
  "minecraft:recipes/building_blocks/stone_brick_stairs_from_stone_stonecutting": {
    "criteria": {
      "has_stone": "2024-05-29 07:35:11 +0000"
    },
    "done": true
  },
  "minecraft:recipes/building_blocks/stone_slab_from_stone_stonecutting": {
    "criteria": {
      "has_stone": "2024-05-29 07:35:11 +0000"
    },
    "done": true
  },
  "minecraft:recipes/building_blocks/chiseled_stone_bricks_stone_from_stonecutting": {
    "criteria": {
      "has_stone": "2024-05-29 07:35:11 +0000"
    },
    "done": true
  },
  "minecraft:recipes/building_blocks/stone_stairs": {
    "criteria": {
      "has_stone": "2024-05-29 07:35:11 +0000"
    },
    "done": true
  },
  "minecraft:recipes/misc/copper_ingot_from_blasting_raw_copper": {
    "criteria": {
      "has_raw_copper": "2024-05-30 07:04:15 +0000"
    },
    "done": true
  },
  "minecraft:recipes/building_blocks/raw_copper_block": {
    "criteria": {
      "has_raw_copper": "2024-05-30 07:04:15 +0000"
    },
    "done": true
  },
  "minecraft:recipes/misc/copper_ingot_from_smelting_raw_copper": {
    "criteria": {
      "has_raw_copper": "2024-05-30 07:04:15 +0000"
    },
    "done": true
  },
  "biomesoplenty:recipes/building_blocks/black_sandstone": {
    "criteria": {
      "has_black_sand": "2024-05-30 07:14:54 +0000"
    },
    "done": true
  },
  "biomesoplenty:recipes/building_blocks/cut_black_sandstone_slab_from_black_sandstone_stonecutting": {
    "criteria": {
      "has_black_sandstone": "2024-05-30 07:15:11 +0000"
    },
    "done": true
  },
  "biomesoplenty:recipes/building_blocks/smooth_black_sandstone": {
    "criteria": {
      "has_black_sandstone": "2024-05-30 07:15:11 +0000"
    },
    "done": true
  },
  "biomesoplenty:recipes/building_blocks/cut_black_sandstone": {
    "criteria": {
      "has_black_sandstone": "2024-05-30 07:15:11 +0000"
    },
    "done": true
  },
  "biomesoplenty:recipes/decorations/black_sandstone_wall_from_black_sandstone_stonecutting": {
    "criteria": {
      "has_black_sandstone": "2024-05-30 07:15:11 +0000"
    },
    "done": true
  },
  "biomesoplenty:recipes/building_blocks/black_sandstone_slab_from_black_sandstone_stonecutting": {
    "criteria": {
      "has_black_sandstone": "2024-05-30 07:15:11 +0000"
    },
    "done": true
  },
  "biomesoplenty:recipes/building_blocks/cut_black_sandstone_from_black_sandstone_stonecutting": {
    "criteria": {
      "has_black_sandstone": "2024-05-30 07:15:11 +0000"
    },
    "done": true
  },
  "biomesoplenty:recipes/building_blocks/black_sandstone_slab": {
    "criteria": {
      "has_black_sandstone": "2024-05-30 07:15:11 +0000"
    },
    "done": true
  },
  "biomesoplenty:recipes/building_blocks/black_sandstone_stairs": {
    "criteria": {
      "has_black_sandstone": "2024-05-30 07:15:11 +0000"
    },
    "done": true
  },
  "biomesoplenty:recipes/decorations/black_sandstone_wall": {
    "criteria": {
      "has_black_sandstone": "2024-05-30 07:15:11 +0000"
    },
    "done": true
  },
  "biomesoplenty:recipes/building_blocks/black_sandstone_stairs_from_black_sandstone_stonecutting": {
    "criteria": {
      "has_black_sandstone": "2024-05-30 07:15:11 +0000"
    },
    "done": true
  },
  "biomesoplenty:recipes/building_blocks/chiseled_black_sandstone": {
    "criteria": {
      "has_black_sandstone": "2024-05-30 07:15:11 +0000"
    },
    "done": true
  },
  "biomesoplenty:recipes/building_blocks/chiseled_black_sandstone_from_black_sandstone_stonecutting": {
    "criteria": {
      "has_black_sandstone": "2024-05-30 07:15:11 +0000"
    },
    "done": true
  },
  "minecraft:recipes/food/cake": {
    "criteria": {
      "has_egg": "2024-05-30 07:16:46 +0000"
    },
    "done": true
  },
  "minecraft:recipes/decorations/light_gray_bed": {
    "criteria": {
      "has_light_gray_wool": "2024-05-30 07:18:04 +0000"
    },
    "done": true
  },
  "minecraft:recipes/decorations/light_gray_banner": {
    "criteria": {
      "has_light_gray_wool": "2024-05-30 07:18:04 +0000"
    },
    "done": true
  },
  "minecraft:recipes/decorations/light_gray_carpet": {
    "criteria": {
      "has_light_gray_wool": "2024-05-30 07:18:04 +0000"
    },
    "done": true
  },
  "minecraft:recipes/building_blocks/cherry_planks": {
    "criteria": {
      "has_log": "2024-05-30 07:31:21 +0000"
    },
    "done": true
  },
  "minecraft:recipes/building_blocks/cherry_wood": {
    "criteria": {
      "has_log": "2024-05-30 07:31:21 +0000"
    },
    "done": true
  },
  "nemos-carpentry:recipes/decorations/cherry_log_seat_carpentry": {
    "criteria": {
      "has_cherry_log": "2024-05-30 07:31:21 +0000"
    },
    "done": true
  },
  "minecraft:recipes/misc/magenta_dye_from_lilac": {
    "criteria": {
      "has_lilac": "2024-05-30 07:51:46 +0000"
    },
    "done": true
  },
  "minecraft:husbandry/tame_an_animal": {
    "criteria": {
      "tamed_animal": "2024-05-30 07:56:43 +0000"
    },
    "done": true
  },
  "minecraft:recipes/redstone/redstone": {
    "criteria": {
      "has_redstone_block": "2024-05-30 07:57:26 +0000"
    },
    "done": true
  },
  "minecraft:story/root": {
    "criteria": {
      "crafting_table": "2024-05-30 08:06:21 +0000"
    },
    "done": true
  },
  "DataVersion": 3839
}